/*
 Navicat Premium Data Transfer

 Source Server         : local
 Source Server Type    : MySQL
 Source Server Version : 50716
 Source Host           : localhost:3306
 Source Schema         : operation

 Target Server Type    : MySQL
 Target Server Version : 50716
 File Encoding         : 65001

 Date: 16/05/2019 16:09:10
*/

SET NAMES utf8mb4;
SET FOREIGN_KEY_CHECKS = 0;

-- ----------------------------
-- Table structure for sys_device
-- ----------------------------
DROP TABLE IF EXISTS `sys_device`;
CREATE TABLE `sys_device`  (
  `id` bigint(13) NOT NULL AUTO_INCREMENT,
  `name` varchar(255) CHARACTER SET utf8 COLLATE utf8_general_ci NOT NULL COMMENT '设备名称',
  `equipment_id` varchar(255) CHARACTER SET utf8 COLLATE utf8_general_ci NOT NULL COMMENT '设备类型id',
  `brand` varchar(255) CHARACTER SET utf8 COLLATE utf8_general_ci NOT NULL COMMENT '设备品牌',
  `provider` varchar(255) CHARACTER SET utf8 COLLATE utf8_general_ci NOT NULL COMMENT '设备提供商',
  `type` varchar(255) CHARACTER SET utf8 COLLATE utf8_general_ci NOT NULL COMMENT '设备型号',
  `change_model` varchar(255) CHARACTER SET utf8 COLLATE utf8_general_ci NULL DEFAULT NULL COMMENT '变更型号',
  `factory_time` bigint(13) NOT NULL COMMENT '设备出厂时间',
  `over_time` bigint(13) NOT NULL COMMENT '过保时间',
  `util` varchar(255) CHARACTER SET utf8 COLLATE utf8_general_ci NOT NULL COMMENT '单位',
  `util_price` float(10, 4) NOT NULL COMMENT '单价',
  `awatar` varchar(255) CHARACTER SET utf8 COLLATE utf8_general_ci NOT NULL COMMENT '设备图片',
  `an_status` tinyint(1) NOT NULL COMMENT '是否安装完成',
  `position` varchar(255) CHARACTER SET utf8 COLLATE utf8_general_ci NOT NULL COMMENT '安装位置',
  `user` varchar(255) CHARACTER SET utf8 COLLATE utf8_general_ci NULL DEFAULT NULL COMMENT '使用人',
  `user_phone` bigint(13) NULL DEFAULT NULL COMMENT '使用人电话',
  `device_status` tinyint(1) NULL DEFAULT NULL COMMENT '设备状态 0 故障,1 正常',
  `create_time` bigint(13) NOT NULL COMMENT '创建时间',
  `update_time` bigint(13) NOT NULL COMMENT '更新时间',
  `num_g` int(255) NOT NULL COMMENT '故障次数',
  `school_id` varchar(255) CHARACTER SET utf8 COLLATE utf8_general_ci NOT NULL COMMENT '学校id',
  PRIMARY KEY (`id`) USING BTREE
) ENGINE = InnoDB AUTO_INCREMENT = 242 CHARACTER SET = utf8 COLLATE = utf8_general_ci ROW_FORMAT = Dynamic;

-- ----------------------------
-- Records of sys_device
-- ----------------------------
INSERT INTO `sys_device` VALUES (210, '教师计算机', '72fc5c8f34ff89cd9216d30681651ad0', '华为', '华为', '华为CT3200L', NULL, 1557158400000, 1559145600000, '台', 2700.0000, '', 1, '叶县辛店镇南房庄村小学', NULL, NULL, 1, 1557982791757, 1557982791757, 0, '00244a2d366140799f0d194b1b37047c');
INSERT INTO `sys_device` VALUES (211, '教师计算机', '72fc5c8f34ff89cd9216d30681651ad0', '华为', '华为', '华为CT3200L', NULL, 1557158400000, 1559145600000, '台', 2700.0000, '', 1, '叶县辛店镇南房庄村小学', NULL, NULL, 1, 1557982791757, 1557982791757, 0, '00244a2d366140799f0d194b1b37047c');
INSERT INTO `sys_device` VALUES (212, '教师计算机', '72fc5c8f34ff89cd9216d30681651ad0', '华为', '华为', '华为CT3200L', NULL, 1557158400000, 1559145600000, '台', 2700.0000, '', 1, '叶县辛店镇南房庄村小学', NULL, NULL, 1, 1557982791757, 1557982791757, 0, '00244a2d366140799f0d194b1b37047c');
INSERT INTO `sys_device` VALUES (213, '教师计算机', 'ca791bc8356d9f96c3f3f8f64f070df3', '华为', '华为公司', '华为CT5100', NULL, 1558368000000, 1652716800000, '台', 2700.0000, '', 1, '叶县辛店镇南房庄村小学', NULL, NULL, 1, 1557982791757, 1557982791757, 0, '00244a2d366140799f0d194b1b37047c');
INSERT INTO `sys_device` VALUES (214, '教师计算机', 'ca791bc8356d9f96c3f3f8f64f070df3', '华为', '华为公司', '华为CT5100', NULL, 1558368000000, 1652716800000, '台', 2700.0000, '', 1, '叶县辛店镇南房庄村小学', NULL, NULL, 1, 1557982791757, 1557982791757, 0, '00244a2d366140799f0d194b1b37047c');
INSERT INTO `sys_device` VALUES (215, '教师计算机', 'ca791bc8356d9f96c3f3f8f64f070df3', '华为', '华为公司', '华为CT5100', NULL, 1558368000000, 1652716800000, '台', 2700.0000, '', 1, '叶县辛店镇南房庄村小学', NULL, NULL, 1, 1557982791757, 1557982791757, 0, '00244a2d366140799f0d194b1b37047c');
INSERT INTO `sys_device` VALUES (216, '教师计算机', 'ca791bc8356d9f96c3f3f8f64f070df3', '华为', '华为公司', '华为CT5100', NULL, 1558368000000, 1652716800000, '台', 2700.0000, '', 1, '叶县辛店镇南房庄村小学', NULL, NULL, 1, 1557982791757, 1557982791757, 0, '00244a2d366140799f0d194b1b37047c');
INSERT INTO `sys_device` VALUES (217, '教师计算机', 'ca791bc8356d9f96c3f3f8f64f070df3', '华为', '华为公司', '华为CT5100', NULL, 1558368000000, 1652716800000, '台', 2700.0000, '', 1, '叶县辛店镇南房庄村小学', NULL, NULL, 1, 1557982791757, 1557982791757, 0, '00244a2d366140799f0d194b1b37047c');
INSERT INTO `sys_device` VALUES (218, '教师计算机', '72fc5c8f34ff89cd9216d30681651ad0', '华为', '华为', '华为CT3200L', NULL, 1557763200000, 1559059200000, '台', 2700.0000, '', 1, '叶县辛店镇南房庄村小学', NULL, NULL, 1, 1557982791757, 1557982791757, 0, '00244a2d366140799f0d194b1b37047c');
INSERT INTO `sys_device` VALUES (219, '教师计算机', '72fc5c8f34ff89cd9216d30681651ad0', '华为', '华为', '华为CT3200L', NULL, 1557763200000, 1559059200000, '台', 2700.0000, '', 1, '叶县辛店镇南房庄村小学', NULL, NULL, 1, 1557982791757, 1557982791757, 0, '00244a2d366140799f0d194b1b37047c');
INSERT INTO `sys_device` VALUES (220, '教师计算机', '72fc5c8f34ff89cd9216d30681651ad0', '华为', '华为', '华为CT3200L', NULL, 1557763200000, 1559059200000, '台', 2700.0000, '', 1, '叶县辛店镇南房庄村小学', NULL, NULL, 1, 1557982791757, 1557982791757, 0, '00244a2d366140799f0d194b1b37047c');
INSERT INTO `sys_device` VALUES (221, '教师计算机', '72fc5c8f34ff89cd9216d30681651ad0', '华为', '华为', '华为CT3200L', NULL, 1557763200000, 1559059200000, '台', 2700.0000, '', 1, '叶县辛店镇南房庄村小学', NULL, NULL, 1, 1557982791757, 1557982791757, 0, '00244a2d366140799f0d194b1b37047c');
INSERT INTO `sys_device` VALUES (222, '教师计算机', '72fc5c8f34ff89cd9216d30681651ad0', '华为', '华为', '华为CT3200L', NULL, 1557763200000, 1559059200000, '台', 2700.0000, '', 1, '叶县辛店镇南房庄村小学', NULL, NULL, 1, 1557982791757, 1557982791757, 0, '00244a2d366140799f0d194b1b37047c');
INSERT INTO `sys_device` VALUES (223, '教师计算机', '72fc5c8f34ff89cd9216d30681651ad0', '华为', '华为', '华为CT3200L', NULL, 1557763200000, 1559059200000, '台', 2700.0000, '', 1, '叶县辛店镇南房庄村小学', NULL, NULL, 1, 1557982791757, 1557982791757, 0, '00244a2d366140799f0d194b1b37047c');
INSERT INTO `sys_device` VALUES (224, '教师计算机', '72fc5c8f34ff89cd9216d30681651ad0', '华为', '华为', '华为CT3200L', NULL, 1557763200000, 1559059200000, '台', 2700.0000, '', 1, '叶县辛店镇南房庄村小学', NULL, NULL, 1, 1557982791757, 1557982791757, 0, '00244a2d366140799f0d194b1b37047c');
INSERT INTO `sys_device` VALUES (225, '教师计算机', '72fc5c8f34ff89cd9216d30681651ad0', '华为', '华为', '华为CT3200L', NULL, 1557763200000, 1559059200000, '台', 2700.0000, '', 1, '叶县辛店镇南房庄村小学', NULL, NULL, 1, 1557982791757, 1557982791757, 0, '00244a2d366140799f0d194b1b37047c');
INSERT INTO `sys_device` VALUES (226, '教师计算机', '72fc5c8f34ff89cd9216d30681651ad0', '华为', '华为', '华为CT3200L', NULL, 1557763200000, 1559059200000, '台', 2700.0000, '', 1, '叶县辛店镇南房庄村小学', NULL, NULL, 1, 1557982791757, 1557982791757, 0, '00244a2d366140799f0d194b1b37047c');
INSERT INTO `sys_device` VALUES (227, '教师计算机', 'ca791bc8356d9f96c3f3f8f64f070df3', '华为', '华为公司', '华为CT5100', NULL, 1557849600000, 1559145600000, '台', 2700.0000, '', 1, '叶县辛店镇南房庄村小学', NULL, NULL, 1, 1557982791757, 1557982791757, 0, '00244a2d366140799f0d194b1b37047c');
INSERT INTO `sys_device` VALUES (228, '教师计算机', 'ca791bc8356d9f96c3f3f8f64f070df3', '华为', '华为公司', '华为CT5100', NULL, 1557849600000, 1559145600000, '台', 2700.0000, '', 1, '叶县辛店镇南房庄村小学', NULL, NULL, 1, 1557982791757, 1557982791757, 0, '00244a2d366140799f0d194b1b37047c');
INSERT INTO `sys_device` VALUES (229, '教师计算机', 'ca791bc8356d9f96c3f3f8f64f070df3', '华为', '华为公司', '华为CT5100', NULL, 1557849600000, 1559145600000, '台', 2700.0000, '', 1, '叶县辛店镇南房庄村小学', NULL, NULL, 1, 1557982791757, 1557982791757, 0, '00244a2d366140799f0d194b1b37047c');
INSERT INTO `sys_device` VALUES (230, '教师计算机', 'ca791bc8356d9f96c3f3f8f64f070df3', '华为', '华为公司', '华为CT5100', NULL, 1557849600000, 1559145600000, '台', 2700.0000, '', 1, '叶县辛店镇南房庄村小学', NULL, NULL, 1, 1557982791757, 1557982791757, 0, '00244a2d366140799f0d194b1b37047c');
INSERT INTO `sys_device` VALUES (231, '教师计算机', 'ca791bc8356d9f96c3f3f8f64f070df3', '华为', '华为公司', '华为CT5100', NULL, 1557849600000, 1559145600000, '台', 2700.0000, '', 1, '叶县辛店镇南房庄村小学', NULL, NULL, 1, 1557982791757, 1557982791757, 0, '00244a2d366140799f0d194b1b37047c');
INSERT INTO `sys_device` VALUES (232, '教师计算机', 'ca791bc8356d9f96c3f3f8f64f070df3', '华为', '华为公司', '华为CT5100', NULL, 1557849600000, 1559145600000, '台', 2700.0000, '', 1, '叶县辛店镇南房庄村小学', NULL, NULL, 1, 1557982791757, 1557982791757, 0, '00244a2d366140799f0d194b1b37047c');
INSERT INTO `sys_device` VALUES (233, '教师计算机', 'ca791bc8356d9f96c3f3f8f64f070df3', '华为', '华为公司', '华为CT5100', NULL, 1557849600000, 1559145600000, '台', 2700.0000, '', 1, '叶县辛店镇南房庄村小学', NULL, NULL, 1, 1557982791757, 1557982791757, 0, '00244a2d366140799f0d194b1b37047c');
INSERT INTO `sys_device` VALUES (234, '教师计算机', '72fc5c8f34ff89cd9216d30681651ad0', '华为', '华为', '华为CT3200L', NULL, 1557763200000, 1558540800000, '台', 2700.0000, '', 1, '叶县邓李乡初级中学', NULL, NULL, 1, 1557982791757, 1557982791757, 0, '00c9b46aef074a3c8001935c2fc36bc5');
INSERT INTO `sys_device` VALUES (235, '教师计算机', '72fc5c8f34ff89cd9216d30681651ad0', '华为', '华为', '华为CT3200L', NULL, 1557763200000, 1558540800000, '台', 2700.0000, '', 1, '叶县邓李乡初级中学', NULL, NULL, 1, 1557982791757, 1557982791757, 0, '00c9b46aef074a3c8001935c2fc36bc5');
INSERT INTO `sys_device` VALUES (236, '教师计算机', 'ca791bc8356d9f96c3f3f8f64f070df3', '华为', '华为公司', '华为CT5100', NULL, 1557849600000, 1558627200000, '台', 2700.0000, '', 1, '叶县邓李乡初级中学', NULL, NULL, 1, 1557982791757, 1557982791757, 0, '00c9b46aef074a3c8001935c2fc36bc5');
INSERT INTO `sys_device` VALUES (237, '教师计算机', 'ca791bc8356d9f96c3f3f8f64f070df3', '华为', '华为公司', '华为CT5100', NULL, 1557849600000, 1558627200000, '台', 2700.0000, '', 1, '叶县邓李乡初级中学', NULL, NULL, 1, 1557982791757, 1557982791757, 0, '00c9b46aef074a3c8001935c2fc36bc5');
INSERT INTO `sys_device` VALUES (238, '教师计算机', 'ca791bc8356d9f96c3f3f8f64f070df3', '华为', '华为公司', '华为CT5100', NULL, 1557849600000, 1558627200000, '台', 2700.0000, '', 1, '叶县邓李乡初级中学', NULL, NULL, 1, 1557982791757, 1557982791757, 0, '00c9b46aef074a3c8001935c2fc36bc5');
INSERT INTO `sys_device` VALUES (239, '教师计算机', 'ca791bc8356d9f96c3f3f8f64f070df3', '华为', '华为公司', '华为CT5100', NULL, 1557849600000, 1558627200000, '台', 2700.0000, '', 1, '叶县邓李乡初级中学', NULL, NULL, 1, 1557982791757, 1557982791757, 0, '00c9b46aef074a3c8001935c2fc36bc5');
INSERT INTO `sys_device` VALUES (240, '教师计算机', 'ca791bc8356d9f96c3f3f8f64f070df3', '华为', '华为公司', '华为CT5100', NULL, 1557849600000, 1558627200000, '台', 2700.0000, '', 1, '叶县邓李乡初级中学', NULL, NULL, 1, 1557982791757, 1557982791757, 0, '00c9b46aef074a3c8001935c2fc36bc5');
INSERT INTO `sys_device` VALUES (241, '教师计算机', 'ca791bc8356d9f96c3f3f8f64f070df3', '华为', '华为公司', '华为CT5100', NULL, 1557849600000, 1558627200000, '台', 2700.0000, '', 1, '叶县邓李乡初级中学', NULL, NULL, 1, 1557982791757, 1557982791757, 0, '00c9b46aef074a3c8001935c2fc36bc5');

-- ----------------------------
-- Table structure for sys_equipment
-- ----------------------------
DROP TABLE IF EXISTS `sys_equipment`;
CREATE TABLE `sys_equipment`  (
  `id` varchar(255) CHARACTER SET utf8 COLLATE utf8_general_ci NOT NULL,
  `type` varchar(255) CHARACTER SET utf8 COLLATE utf8_general_ci NULL DEFAULT NULL COMMENT '设备型号',
  `name` varchar(255) CHARACTER SET utf8 COLLATE utf8_general_ci NOT NULL COMMENT '设备名称',
  `create_time` bigint(13) NULL DEFAULT NULL COMMENT '创建日期',
  `awatar` varchar(255) CHARACTER SET utf8 COLLATE utf8_general_ci NULL DEFAULT NULL COMMENT '设备图片',
  `status` tinyint(1) NOT NULL COMMENT '状态 1 正常,0 删除',
  `brand` varchar(255) CHARACTER SET utf8 COLLATE utf8_general_ci NOT NULL COMMENT '设备品牌',
  `provider` varchar(255) CHARACTER SET utf8 COLLATE utf8_general_ci NOT NULL COMMENT '设备厂商',
  `change_model` varchar(255) CHARACTER SET utf8 COLLATE utf8_general_ci NULL DEFAULT NULL COMMENT '变更型号',
  `util` varchar(255) CHARACTER SET utf8 COLLATE utf8_general_ci NOT NULL COMMENT '单位',
  `util_price` float(10, 4) NOT NULL COMMENT '单价',
  PRIMARY KEY (`id`) USING BTREE
) ENGINE = InnoDB CHARACTER SET = utf8 COLLATE = utf8_general_ci ROW_FORMAT = Dynamic;

-- ----------------------------
-- Records of sys_equipment
-- ----------------------------
INSERT INTO `sys_equipment` VALUES ('72fc5c8f34ff89cd9216d30681651ad0', '华为CT3200L', '教师计算机', 1557914493720, '', 1, '华为', '华为', NULL, '台', 2700.0000);
INSERT INTO `sys_equipment` VALUES ('ca791bc8356d9f96c3f3f8f64f070df3', '华为CT5100', '教师计算机', 1557914358960, '', 1, '华为', '华为公司', NULL, '台', 2700.0000);

-- ----------------------------
-- Table structure for sys_order
-- ----------------------------
DROP TABLE IF EXISTS `sys_order`;
CREATE TABLE `sys_order`  (
  `id` bigint(13) NOT NULL AUTO_INCREMENT COMMENT '工单id',
  `equipment_id` varchar(255) CHARACTER SET utf8 COLLATE utf8_general_ci NOT NULL COMMENT '设备id',
  `school_id` varchar(255) CHARACTER SET utf8 COLLATE utf8_general_ci NOT NULL COMMENT '学校id',
  `remark` varchar(255) CHARACTER SET utf8 COLLATE utf8_general_ci NULL DEFAULT NULL COMMENT '备注',
  `fault_desc` varchar(255) CHARACTER SET utf8 COLLATE utf8_general_ci NOT NULL COMMENT '故障描述\r\n',
  `tag_id` varchar(255) CHARACTER SET utf8 COLLATE utf8_general_ci NOT NULL COMMENT '标签id',
  `create_time` bigint(13) NOT NULL COMMENT '添加时间',
  `status` varchar(255) CHARACTER SET utf8 COLLATE utf8_general_ci NOT NULL COMMENT '状态',
  `workername` varchar(255) CHARACTER SET utf8 COLLATE utf8_general_ci NULL DEFAULT NULL COMMENT '工人名称',
  `user_id` varchar(255) CHARACTER SET utf8 COLLATE utf8_general_ci NOT NULL COMMENT '用户id',
  `picture` longtext CHARACTER SET utf8 COLLATE utf8_general_ci NULL COMMENT '报修图片',
  `update_time` bigint(13) NOT NULL COMMENT '最新更新时间',
  `worker_id` varchar(255) CHARACTER SET utf8 COLLATE utf8_general_ci NULL DEFAULT NULL COMMENT '指派工人',
  PRIMARY KEY (`id`) USING BTREE
) ENGINE = InnoDB AUTO_INCREMENT = 4669829439616 CHARACTER SET = utf8 COLLATE = utf8_general_ci ROW_FORMAT = Dynamic;

-- ----------------------------
-- Records of sys_order
-- ----------------------------
INSERT INTO `sys_order` VALUES (4669518780246, '1a1d494859cc4f4ef29fc8bd2fa83396', '02d2f33d5fc04850bb21b640019c37c6', NULL, '肯定不地东北大炕堵不堵都不超过吃', '2', 1556506260082, '1', '楚梦真', '72e9ebc03c01a913f584ded75c659aa6', '[\"http://192.168.17.190:7001/public/20190429/3444b9703f58c330d913a055d8c402f2.jpg200x200.jpg\",\"http://192.168.17.190:7001/public/20190429/e36dad2ed8568f31ae2510f3436af16e.jpg200x200.jpg\"]', 1556506585149, '101004');
INSERT INTO `sys_order` VALUES (4669518922446, '1a1d494859cc4f4ef29fc8bd2fa83396', '02d2f33d5fc04850bb21b640019c37c6', NULL, '可惜不想看到你地方呢冯开房吧覅豆瓣读书', '2', 1556506307482, '1', '楚梦真', '72e9ebc03c01a913f584ded75c659aa6', '[\"http://192.168.17.190:7001/public/20190429/c45cc271f9c44a8aa942fbb5c642efe1.jpg200x200.jpg\",\"http://192.168.17.190:7001/public/20190429/70cc8bfdfff07dde418b22701f7ebab0.jpg200x200.jpg\"]', 1556506580743, '101004');
INSERT INTO `sys_order` VALUES (4669519141182, '1', '02d2f33d5fc04850bb21b640019c37c6', NULL, '就是v大家都你都不关心加到几点呢', '2', 1556506380394, '1', '楚梦真', '72e9ebc03c01a913f584ded75c659aa6', '[\"http://192.168.17.190:7001/public/20190429/72717f9f149065c2222bd0aaa6ca8fcc.jpg200x200.jpg\",\"http://192.168.17.190:7001/public/20190429/35b58e00e301ac8118eb7204a2f94ee0.jpg200x200.jpg\"]', 1556506575894, '101004');
INSERT INTO `sys_order` VALUES (4669519208979, '2a39b3903e57393106dba5e633e91d75', '02d2f33d5fc04850bb21b640019c37c6', NULL, '宁续航时间比赛开始老师您好杜大酒店', '4', 1556506402993, '3', '楚梦真', '72e9ebc03c01a913f584ded75c659aa6', '[\"http://192.168.17.190:7001/public/20190429/701d08c572177def6e061899d0552acd.jpg200x200.jpg\"]', 1556515862647, '101004');
INSERT INTO `sys_order` VALUES (4669519278831, '2a39b3903e57393106dba5e633e91d75', '02d2f33d5fc04850bb21b640019c37c6', NULL, '肯定小激动好多女的看到你的基地等你', '4', 1556506426277, '3', '楚梦真', '72e9ebc03c01a913f584ded75c659aa6', '[\"http://192.168.17.190:7001/public/20190429/41d23ee2fe7a493537b6675b9db4a556.jpg200x200.jpg\",\"http://192.168.17.190:7001/public/20190429/c3fb186b26390a623182ea651029304c.jpg200x200.jpg\",\"http://192.168.17.190:7001/public/20190429/fd99e96145117ddd6ec1c3cc4e75fc43.jpg200x200.jpg\"]', 1556515753868, '101004');
INSERT INTO `sys_order` VALUES (4669558409520, '1a1d494859cc4f4ef29fc8bd2fa83396', '02d2f33d5fc04850bb21b640019c37c6', NULL, '惊世骇俗表示表示吧', '4', 1556519469840, '1', '楚梦真', '72e9ebc03c01a913f584ded75c659aa6', '[\"http://192.168.17.190:7001/public/20190429/43adf18080467c31468705661668e70d.jpg200x200.jpg\",\"http://192.168.17.190:7001/public/20190429/be41ed312fda2baef2395393395a4445.jpg200x200.jpg\",\"http://192.168.17.190:7001/public/20190429/69800c57491acc3735b5f8d6eff3969a.jpg200x200.jpg\"]', 1556538911570, '101004');
INSERT INTO `sys_order` VALUES (4669618226379, '1a1d494859cc4f4ef29fc8bd2fa83396', '02d2f33d5fc04850bb21b640019c37c6', NULL, '九点半都等你第几次想你好像有点吧', '2', 1556539408793, '1', '楚梦真', '72e9ebc03c01a913f584ded75c659aa6', '[\"http://192.168.17.190:7001/public/20190429/c800692b7723f7c2dbd62fccead21f44.jpg200x200.jpg\",\"http://192.168.17.190:7001/public/20190429/75623546a06dafe1dd5f92d0c5dec7c3.jpg200x200.jpg\",\"http://192.168.17.190:7001/public/20190429/14cca76a495e5d61c78a6d1112a42950.jpg200x200.jpg\",\"http://192.168.17.190:7001/public/20190429/75e75701d70387bf29ce7a608450df05.jpg200x200.jpg\"]', 1556539438584, '101004');
INSERT INTO `sys_order` VALUES (4669755809256, '1a1d494859cc4f4ef29fc8bd2fa83396', '02d2f33d5fc04850bb21b640019c37c6', NULL, '还是不孙斯巴达克就是不好与付费通', '3', 1556585269752, '2', '楚梦真', '72e9ebc03c01a913f584ded75c659aa6', '[\"http://192.168.17.190:7001/public/20190430/ce82c1fa056f11b42c776323794aee1c.jpg200x200.jpg\",\"http://192.168.17.190:7001/public/20190430/4d81ea1362741bb3423c7fc02ad46a2d.jpg200x200.jpg\",\"http://192.168.17.190:7001/public/20190430/7f55b7ef219222240eb449230cdead21.jpg200x200.jpg\",\"http://192.168.17.190:7001/public/20190430/0db038465c7d770fc90144dc9555d898.jpg200x200.jpg\"]', 1556612131344, '101004');
INSERT INTO `sys_order` VALUES (4669818498471, '1a1d494859cc4f4ef29fc8bd2fa83396', '02d2f33d5fc04850bb21b640019c37c6', NULL, '觉得呢弟弟好', '1', 1556606166157, '0', NULL, '72e9ebc03c01a913f584ded75c659aa6', '[\"http://192.168.17.190:7001/public/20190430/ca3a068aa54ed331102e29aa698acdcc.jpg200x200.jpg\",\"http://192.168.17.190:7001/public/20190430/8318c20179fb69de5eb0a7184dcd4f0c.jpg200x200.jpg\",\"http://192.168.17.190:7001/public/20190430/6a6b81f2bb56ca13f69c18f862a62b6f.jpg200x200.jpg\",\"http://192.168.17.190:7001/public/20190430/d7157ec4b19269a836044e2f0320b63f.jpg200x200.jpg\"]', 1556606166157, NULL);
INSERT INTO `sys_order` VALUES (4669829439615, '1a1d494859cc4f4ef29fc8bd2fa83396', '02d2f33d5fc04850bb21b640019c37c6', NULL, '记得百度下吧西德尼', '1', 1556609813205, '0', NULL, '72e9ebc03c01a913f584ded75c659aa6', '[\"http://192.168.17.190:7001/public/20190430/e33967cfc1203eed2d296693bc4b6e3a.jpg200x200.jpg\",\"http://192.168.17.190:7001/public/20190430/4f8e3f1523bb4737ae905882682e17d1.jpg200x200.jpg\",\"http://192.168.17.190:7001/public/20190430/0c9e8029e32370aa5c2af9b0064e51f6.jpg200x200.jpg\"]', 1556609813205, NULL);

-- ----------------------------
-- Table structure for sys_order_status
-- ----------------------------
DROP TABLE IF EXISTS `sys_order_status`;
CREATE TABLE `sys_order_status`  (
  `remark` varchar(255) CHARACTER SET utf8 COLLATE utf8_general_ci NULL DEFAULT NULL COMMENT '报修备注',
  `id` bigint(13) NOT NULL AUTO_INCREMENT COMMENT 'id',
  `order_id` bigint(13) NOT NULL COMMENT '工单id',
  `order_status` varchar(255) CHARACTER SET utf8 COLLATE utf8_general_ci NOT NULL COMMENT '工单状态',
  `order_content` varchar(255) CHARACTER SET utf8 COLLATE utf8_general_ci NULL DEFAULT NULL COMMENT '工单描述',
  `worker_id` varchar(255) CHARACTER SET utf8 COLLATE utf8_general_ci NULL DEFAULT NULL COMMENT '接单人员id',
  `update_time` bigint(13) NOT NULL COMMENT '更新时间',
  `filelist` longtext CHARACTER SET utf8 COLLATE utf8_general_ci NULL COMMENT '报修完成图片',
  PRIMARY KEY (`id`) USING BTREE
) ENGINE = InnoDB AUTO_INCREMENT = 312 CHARACTER SET = utf8 COLLATE = utf8_general_ci ROW_FORMAT = Dynamic;

-- ----------------------------
-- Records of sys_order_status
-- ----------------------------
INSERT INTO `sys_order_status` VALUES (NULL, 194, 4659713232969, '0', NULL, NULL, 1553237744323, NULL);
INSERT INTO `sys_order_status` VALUES (NULL, 195, 4659713232969, '1', NULL, '101004', 1553237771707, NULL);
INSERT INTO `sys_order_status` VALUES (NULL, 196, 4659713232969, '2', NULL, '101004', 1553237807640, NULL);
INSERT INTO `sys_order_status` VALUES ('', 197, 4659713232969, '3', NULL, '101004', 1553237847654, '[\"http://192.168.17.146:7001/public/20190322/8cc278c6a159fd97a23c20bb47996ea3.jpg200x200.jpg\"]');
INSERT INTO `sys_order_status` VALUES (NULL, 198, 4659713953047, '0', NULL, NULL, 1553237984349, NULL);
INSERT INTO `sys_order_status` VALUES (NULL, 199, 4659714358059, '0', NULL, NULL, 1553238119353, NULL);
INSERT INTO `sys_order_status` VALUES (NULL, 200, 4659714358059, '1', NULL, '101004', 1553238154092, NULL);
INSERT INTO `sys_order_status` VALUES (NULL, 201, 4659713953047, '1', NULL, '101004', 1553238158425, NULL);
INSERT INTO `sys_order_status` VALUES (NULL, 202, 4659714358059, '2', NULL, '101004', 1553238166615, NULL);
INSERT INTO `sys_order_status` VALUES ('测试报修完成', 203, 4659714358059, '3', NULL, '101004', 1553238245767, '[\"http://192.168.17.146:7001/public/20190322/e4022e0eda467b5271fc47178e3697f3.jpg200x200.jpg\"]');
INSERT INTO `sys_order_status` VALUES (NULL, 205, 4659716778039, '0', NULL, NULL, 1553238926013, NULL);
INSERT INTO `sys_order_status` VALUES (NULL, 206, 4659716954139, '0', NULL, NULL, 1553238984713, NULL);
INSERT INTO `sys_order_status` VALUES (NULL, 207, 4659717068706, '0', NULL, NULL, 1553239022902, NULL);
INSERT INTO `sys_order_status` VALUES (NULL, 208, 4659717247509, '0', NULL, NULL, 1553239082503, NULL);
INSERT INTO `sys_order_status` VALUES (NULL, 210, 4659717666768, '0', NULL, NULL, 1553239222256, NULL);
INSERT INTO `sys_order_status` VALUES (NULL, 211, 4659717914466, '0', NULL, NULL, 1553239304822, NULL);
INSERT INTO `sys_order_status` VALUES (NULL, 212, 4659718080585, '0', NULL, NULL, 1553239360195, NULL);
INSERT INTO `sys_order_status` VALUES (NULL, 213, 4659718328439, '0', NULL, NULL, 1553239442813, NULL);
INSERT INTO `sys_order_status` VALUES (NULL, 219, 4659719468385, '0', NULL, NULL, 1553239822795, NULL);
INSERT INTO `sys_order_status` VALUES (NULL, 221, 4659719899473, '0', NULL, NULL, 1553239966491, NULL);
INSERT INTO `sys_order_status` VALUES (NULL, 222, 4659720083604, '0', NULL, NULL, 1553240027868, NULL);
INSERT INTO `sys_order_status` VALUES (NULL, 223, 4659720083604, '1', NULL, '101004', 1553241876717, NULL);
INSERT INTO `sys_order_status` VALUES (NULL, 224, 4659719899473, '1', NULL, '101004', 1553242186846, NULL);
INSERT INTO `sys_order_status` VALUES (NULL, 226, 4659719468385, '1', NULL, '101004', 1553243838565, NULL);
INSERT INTO `sys_order_status` VALUES (NULL, 227, 4659720083604, '2', NULL, '101004', 1553479528980, NULL);
INSERT INTO `sys_order_status` VALUES (NULL, 228, 4661272811046, '0', NULL, NULL, 1553757603682, NULL);
INSERT INTO `sys_order_status` VALUES (NULL, 229, 4661272811046, '1', NULL, '101004', 1553757693486, NULL);
INSERT INTO `sys_order_status` VALUES (NULL, 230, 4661272811046, '2', NULL, '101004', 1553758348554, NULL);
INSERT INTO `sys_order_status` VALUES (NULL, 231, 4659719899473, '2', NULL, '101004', 1553758438566, NULL);
INSERT INTO `sys_order_status` VALUES (NULL, 232, 4659719899473, '3', NULL, '101004', 1553758482450, NULL);
INSERT INTO `sys_order_status` VALUES (NULL, 233, 4661280255573, '0', NULL, NULL, 1553760085191, NULL);
INSERT INTO `sys_order_status` VALUES (NULL, 234, 4661280255573, '1', NULL, '101004', 1553760107780, NULL);
INSERT INTO `sys_order_status` VALUES (NULL, 235, 4661272811046, '3', NULL, '101004', 1553760396681, NULL);
INSERT INTO `sys_order_status` VALUES (NULL, 236, 4661280255573, '2', NULL, '101004', 1553854124269, NULL);
INSERT INTO `sys_order_status` VALUES (NULL, 241, 4661280255573, '3', NULL, '101004', 1553857084621, NULL);
INSERT INTO `sys_order_status` VALUES (NULL, 243, 4662260674674, '0', NULL, NULL, 1554086891558, NULL);
INSERT INTO `sys_order_status` VALUES (NULL, 244, 4662260674674, '1', NULL, '101004', 1554086932611, NULL);
INSERT INTO `sys_order_status` VALUES (NULL, 245, 4662260674674, '2', NULL, '101004', 1554087006757, NULL);
INSERT INTO `sys_order_status` VALUES ('有合适的', 246, 4662260674674, '3', NULL, '101004', 1554087065114, '[\"http://192.168.17.146:7001/public/20190401/8cae2fe3fe3ca1a320fd7d93a3a72f46.jpg200x200.jpg\"]');
INSERT INTO `sys_order_status` VALUES (NULL, 247, 4659719468385, '2', NULL, '101004', 1554773278138, NULL);
INSERT INTO `sys_order_status` VALUES ('', 248, 4659720083604, '3', NULL, '101004', 1554773341217, '[]');
INSERT INTO `sys_order_status` VALUES ('tgdg', 251, 4659719468385, '3', NULL, '101004', 1554775060032, '[\"http://192.168.17.146:7001/public/20190409/d23b2fee5c00b8d75a25bb0264f62fc7.jpg200x200.jpg\"]');
INSERT INTO `sys_order_status` VALUES (NULL, 254, 4659718328439, '1', NULL, '101004', 1554794710218, NULL);
INSERT INTO `sys_order_status` VALUES (NULL, 255, 4659718080585, '1', NULL, '101004', 1554794712914, NULL);
INSERT INTO `sys_order_status` VALUES (NULL, 256, 4659717914466, '1', NULL, '101004', 1554794715401, NULL);
INSERT INTO `sys_order_status` VALUES (NULL, 257, 4659717666768, '1', NULL, '101004', 1554794718164, NULL);
INSERT INTO `sys_order_status` VALUES (NULL, 258, 4659717247509, '1', NULL, '101004', 1554794720954, NULL);
INSERT INTO `sys_order_status` VALUES (NULL, 259, 4659717068706, '1', NULL, '101004', 1554794723697, NULL);
INSERT INTO `sys_order_status` VALUES (NULL, 260, 4659716954139, '1', NULL, '101004', 1554794726180, NULL);
INSERT INTO `sys_order_status` VALUES (NULL, 261, 4659716778039, '1', NULL, '101004', 1554794728625, NULL);
INSERT INTO `sys_order_status` VALUES (NULL, 262, 4664400648564, '0', NULL, NULL, 1554800216188, NULL);
INSERT INTO `sys_order_status` VALUES (NULL, 264, 4664403447090, '0', NULL, NULL, 1554801149030, NULL);
INSERT INTO `sys_order_status` VALUES (NULL, 268, 4659718328439, '2', NULL, '101004', 1554964325538, NULL);
INSERT INTO `sys_order_status` VALUES (NULL, 269, 4659718328439, '3', NULL, '101004', 1554967616714, NULL);
INSERT INTO `sys_order_status` VALUES (NULL, 270, 4659717914466, '2', NULL, '101004', 1554967713788, NULL);
INSERT INTO `sys_order_status` VALUES (NULL, 271, 4659718080585, '2', NULL, '101004', 1554967722104, NULL);
INSERT INTO `sys_order_status` VALUES (NULL, 272, 4664403447090, '3', NULL, NULL, 1554976044937, NULL);
INSERT INTO `sys_order_status` VALUES ('', 273, 4659717914466, '3', NULL, '101004', 1554976995351, '[]');
INSERT INTO `sys_order_status` VALUES (NULL, 275, 4665376658148, '0', NULL, NULL, 1555125552716, NULL);
INSERT INTO `sys_order_status` VALUES (NULL, 276, 4665376658148, '1', NULL, '101004', 1555125823375, NULL);
INSERT INTO `sys_order_status` VALUES (NULL, 277, 4665377813250, '0', NULL, NULL, 1555125937750, NULL);
INSERT INTO `sys_order_status` VALUES (NULL, 278, 4665377813250, '1', NULL, '101004', 1555125963065, NULL);
INSERT INTO `sys_order_status` VALUES (NULL, 279, 4665378313338, '0', NULL, NULL, 1555126104446, NULL);
INSERT INTO `sys_order_status` VALUES (NULL, 280, 4665378313338, '1', NULL, '101004', 1555126136690, NULL);
INSERT INTO `sys_order_status` VALUES (NULL, 283, 4665378313338, '2', NULL, '101004', 1555469984224, NULL);
INSERT INTO `sys_order_status` VALUES (NULL, 285, 4667988667458, '0', NULL, NULL, 1555996222486, NULL);
INSERT INTO `sys_order_status` VALUES (NULL, 286, 4662260674674, '1', NULL, '101001', 1554087006759, NULL);
INSERT INTO `sys_order_status` VALUES (NULL, 287, 4669518780246, '0', NULL, NULL, 1556506260082, NULL);
INSERT INTO `sys_order_status` VALUES (NULL, 288, 4669518922446, '0', NULL, NULL, 1556506307482, NULL);
INSERT INTO `sys_order_status` VALUES (NULL, 289, 4669519141182, '0', NULL, NULL, 1556506380394, NULL);
INSERT INTO `sys_order_status` VALUES (NULL, 290, 4669519208979, '0', NULL, NULL, 1556506402993, NULL);
INSERT INTO `sys_order_status` VALUES (NULL, 291, 4669519278831, '0', NULL, NULL, 1556506426277, NULL);
INSERT INTO `sys_order_status` VALUES (NULL, 292, 4669519278831, '1', NULL, '101004', 1556506563901, NULL);
INSERT INTO `sys_order_status` VALUES (NULL, 293, 4669519208979, '1', NULL, '101004', 1556506571050, NULL);
INSERT INTO `sys_order_status` VALUES (NULL, 294, 4669519141182, '1', NULL, '101004', 1556506575894, NULL);
INSERT INTO `sys_order_status` VALUES (NULL, 295, 4669518922446, '1', NULL, '101004', 1556506580743, NULL);
INSERT INTO `sys_order_status` VALUES (NULL, 296, 4669518780246, '1', NULL, '101004', 1556506585149, NULL);
INSERT INTO `sys_order_status` VALUES (NULL, 297, 4669519278831, '2', NULL, '101004', 1556515732559, NULL);
INSERT INTO `sys_order_status` VALUES ('', 298, 4669519278831, '3', NULL, '101004', 1556515753868, '[]');
INSERT INTO `sys_order_status` VALUES (NULL, 299, 4669519208979, '2', NULL, '101004', 1556515765801, NULL);
INSERT INTO `sys_order_status` VALUES ('百世快递都觉得不对劲', 300, 4669519208979, '3', NULL, '101004', 1556515862647, '[\"http://192.168.17.190:7001/public/20190429/4dc2b52b1ef2922b37bb8d8a064cbc25.jpg200x200.jpg\"]');
INSERT INTO `sys_order_status` VALUES (NULL, 301, 4669558409520, '0', NULL, NULL, 1556519469840, NULL);
INSERT INTO `sys_order_status` VALUES (NULL, 302, 4669558409520, '1', NULL, '101004', 1556538911570, NULL);
INSERT INTO `sys_order_status` VALUES (NULL, 303, 4667988667458, '1', NULL, '101004', 1556538919582, NULL);
INSERT INTO `sys_order_status` VALUES (NULL, 304, 4669618226379, '0', NULL, NULL, 1556539408793, NULL);
INSERT INTO `sys_order_status` VALUES (NULL, 305, 4669618226379, '1', NULL, '101004', 1556539438584, NULL);
INSERT INTO `sys_order_status` VALUES (NULL, 306, 4669755809256, '0', NULL, NULL, 1556585269752, NULL);
INSERT INTO `sys_order_status` VALUES (NULL, 307, 4669755809256, '1', NULL, '101004', 1556585287551, NULL);
INSERT INTO `sys_order_status` VALUES (NULL, 308, 4669761110565, '0', NULL, NULL, 1556587036855, NULL);
INSERT INTO `sys_order_status` VALUES (NULL, 309, 4669818498471, '0', NULL, NULL, 1556606166157, NULL);
INSERT INTO `sys_order_status` VALUES (NULL, 310, 4669829439615, '0', NULL, NULL, 1556609813205, NULL);
INSERT INTO `sys_order_status` VALUES (NULL, 311, 4669755809256, '2', NULL, '101004', 1556612131344, NULL);

-- ----------------------------
-- Table structure for sys_permission
-- ----------------------------
DROP TABLE IF EXISTS `sys_permission`;
CREATE TABLE `sys_permission`  (
  `id` int(10) NOT NULL AUTO_INCREMENT,
  `menu_code` varchar(255) CHARACTER SET utf8 COLLATE utf8_general_ci NOT NULL COMMENT '菜单code,前端判断',
  `menu_name` varchar(255) CHARACTER SET utf8 COLLATE utf8_general_ci NOT NULL COMMENT '菜单名称',
  `permission_code` varchar(255) CHARACTER SET utf8 COLLATE utf8_general_ci NOT NULL COMMENT '权限code',
  `permission_name` varchar(255) CHARACTER SET utf8 COLLATE utf8_general_ci NOT NULL COMMENT '权限名称',
  `is_required` int(2) NOT NULL COMMENT '是否必选,1必选0非必选\r\n',
  PRIMARY KEY (`id`) USING BTREE
) ENGINE = InnoDB AUTO_INCREMENT = 726 CHARACTER SET = utf8 COLLATE = utf8_general_ci ROW_FORMAT = Dynamic;

-- ----------------------------
-- Records of sys_permission
-- ----------------------------
INSERT INTO `sys_permission` VALUES (101, 'dispatch', '派单中心', 'dispatch:list', '列表', 1);
INSERT INTO `sys_permission` VALUES (102, 'dispatch', '派单中心', 'dispatch:edit', '修改', 2);
INSERT INTO `sys_permission` VALUES (103, 'dispatch', '派单中心', 'dispatch:delete', '删除', 2);
INSERT INTO `sys_permission` VALUES (601, 'user', '用户管理', 'user:list', '列表', 1);
INSERT INTO `sys_permission` VALUES (602, 'user', '用户管理', 'user:add', '新增', 2);
INSERT INTO `sys_permission` VALUES (603, 'user', '用户管理', 'user:edit', '编辑', 2);
INSERT INTO `sys_permission` VALUES (604, 'user', '用户管理', 'user:delete', '删除', 1);
INSERT INTO `sys_permission` VALUES (701, 'role', '角色权限', 'role:list', '列表', 1);
INSERT INTO `sys_permission` VALUES (702, 'role', '角色权限', 'role:add', '新增', 2);
INSERT INTO `sys_permission` VALUES (703, 'role', '角色权限', 'role:edit', '修改', 2);
INSERT INTO `sys_permission` VALUES (704, 'role', '角色权限', 'role:delete', '删除', 2);
INSERT INTO `sys_permission` VALUES (705, 'permission', '权限管理', 'permission:list', '列表', 1);
INSERT INTO `sys_permission` VALUES (707, 'permission', '权限管理', 'permission:edit', '编辑', 1);
INSERT INTO `sys_permission` VALUES (708, 'permission', '权限管理', 'permission:add', '增加', 1);
INSERT INTO `sys_permission` VALUES (709, 'permission', '权限管理', 'permission:delete', '删除', 1);
INSERT INTO `sys_permission` VALUES (710, 'teacher', '学校用户', 'teacher:list', '列表', 1);
INSERT INTO `sys_permission` VALUES (711, 'teacher', '学校用户', 'teacher:edit', '编辑', 1);
INSERT INTO `sys_permission` VALUES (712, 'equipment', '设备管理', 'equipment:list', '列表', 1);
INSERT INTO `sys_permission` VALUES (713, 'teacher', '学校用户', 'teacher:delete', '删除', 1);
INSERT INTO `sys_permission` VALUES (714, 'equipment', '设备管理', 'equipment:edit', '编辑', 1);
INSERT INTO `sys_permission` VALUES (715, 'equipment', '设备管理', 'equipment:add', '添加', 1);
INSERT INTO `sys_permission` VALUES (716, 'equipment', '设备管理', 'equipment:delete', '删除', 1);
INSERT INTO `sys_permission` VALUES (717, 'tag', '故障标签', 'tag:list', '列表', 1);
INSERT INTO `sys_permission` VALUES (718, 'tag', '故障标签', 'tag:add', '新增', 1);
INSERT INTO `sys_permission` VALUES (719, 'tag', '故障标签', 'tag:edit', '编辑', 1);
INSERT INTO `sys_permission` VALUES (720, 'tag', '故障标签', 'tag:delete', '删除', 1);
INSERT INTO `sys_permission` VALUES (721, 'map', '派单地图', 'map:list', '列表', 1);
INSERT INTO `sys_permission` VALUES (722, 'device', '设备管理', 'device:list', '列表', 1);
INSERT INTO `sys_permission` VALUES (723, 'device', '设备管理', 'device:edit', '编辑', 1);
INSERT INTO `sys_permission` VALUES (724, 'device', '设备管理', 'device:add', '新增', 1);
INSERT INTO `sys_permission` VALUES (725, 'device', '设备管理', 'device:delete', '删除', 1);

-- ----------------------------
-- Table structure for sys_role
-- ----------------------------
DROP TABLE IF EXISTS `sys_role`;
CREATE TABLE `sys_role`  (
  `id` int(10) NOT NULL AUTO_INCREMENT COMMENT '角色id',
  `role_name` varchar(255) CHARACTER SET utf8 COLLATE utf8_general_ci NOT NULL COMMENT '角色名称',
  `create_time` bigint(13) NOT NULL COMMENT '创建时间',
  `update_time` bigint(13) NOT NULL COMMENT '更新时间',
  `status` varchar(2) CHARACTER SET utf8 COLLATE utf8_general_ci NOT NULL COMMENT '角色状态,1使用,0禁用',
  PRIMARY KEY (`id`) USING BTREE
) ENGINE = InnoDB AUTO_INCREMENT = 10 CHARACTER SET = utf8 COLLATE = utf8_general_ci ROW_FORMAT = Dynamic;

-- ----------------------------
-- Records of sys_role
-- ----------------------------
INSERT INTO `sys_role` VALUES (1, '超级管理员', 1111, 1557914950615, '1');
INSERT INTO `sys_role` VALUES (8, '运维中心', 1550757468699, 1556247512759, '1');
INSERT INTO `sys_role` VALUES (9, '维修人员', 1550977385922, 1550977393516, '1');

-- ----------------------------
-- Table structure for sys_role_permission
-- ----------------------------
DROP TABLE IF EXISTS `sys_role_permission`;
CREATE TABLE `sys_role_permission`  (
  `id` int(10) NOT NULL AUTO_INCREMENT COMMENT 'id',
  `role_id` int(10) NOT NULL COMMENT '角色id',
  `permission_id` int(10) NOT NULL COMMENT '权限id',
  `create_time` bigint(13) NOT NULL COMMENT '创建时间',
  `updata_time` bigint(13) NOT NULL COMMENT '跟新时间',
  `status` int(2) NOT NULL COMMENT '状态1,正常0异常',
  PRIMARY KEY (`id`) USING BTREE
) ENGINE = InnoDB AUTO_INCREMENT = 822 CHARACTER SET = utf8 COLLATE = utf8_general_ci ROW_FORMAT = Dynamic;

-- ----------------------------
-- Records of sys_role_permission
-- ----------------------------
INSERT INTO `sys_role_permission` VALUES (753, 8, 101, 0, 0, 0);
INSERT INTO `sys_role_permission` VALUES (754, 8, 102, 0, 0, 0);
INSERT INTO `sys_role_permission` VALUES (755, 8, 103, 0, 0, 0);
INSERT INTO `sys_role_permission` VALUES (756, 8, 601, 0, 0, 0);
INSERT INTO `sys_role_permission` VALUES (757, 8, 602, 0, 0, 0);
INSERT INTO `sys_role_permission` VALUES (758, 8, 603, 0, 0, 0);
INSERT INTO `sys_role_permission` VALUES (759, 8, 604, 0, 0, 0);
INSERT INTO `sys_role_permission` VALUES (760, 8, 701, 0, 0, 0);
INSERT INTO `sys_role_permission` VALUES (761, 8, 702, 0, 0, 0);
INSERT INTO `sys_role_permission` VALUES (762, 8, 703, 0, 0, 0);
INSERT INTO `sys_role_permission` VALUES (763, 8, 704, 0, 0, 0);
INSERT INTO `sys_role_permission` VALUES (764, 8, 705, 0, 0, 0);
INSERT INTO `sys_role_permission` VALUES (765, 8, 707, 0, 0, 0);
INSERT INTO `sys_role_permission` VALUES (766, 8, 708, 0, 0, 0);
INSERT INTO `sys_role_permission` VALUES (767, 8, 709, 0, 0, 0);
INSERT INTO `sys_role_permission` VALUES (768, 8, 710, 0, 0, 0);
INSERT INTO `sys_role_permission` VALUES (769, 8, 711, 0, 0, 0);
INSERT INTO `sys_role_permission` VALUES (770, 8, 713, 0, 0, 0);
INSERT INTO `sys_role_permission` VALUES (771, 8, 712, 0, 0, 0);
INSERT INTO `sys_role_permission` VALUES (772, 8, 714, 0, 0, 0);
INSERT INTO `sys_role_permission` VALUES (773, 8, 715, 0, 0, 0);
INSERT INTO `sys_role_permission` VALUES (774, 8, 716, 0, 0, 0);
INSERT INTO `sys_role_permission` VALUES (775, 8, 717, 0, 0, 0);
INSERT INTO `sys_role_permission` VALUES (776, 8, 718, 0, 0, 0);
INSERT INTO `sys_role_permission` VALUES (777, 8, 719, 0, 0, 0);
INSERT INTO `sys_role_permission` VALUES (778, 8, 720, 0, 0, 0);
INSERT INTO `sys_role_permission` VALUES (779, 1, 703, 0, 0, 0);
INSERT INTO `sys_role_permission` VALUES (780, 1, 101, 0, 0, 0);
INSERT INTO `sys_role_permission` VALUES (781, 1, 102, 0, 0, 0);
INSERT INTO `sys_role_permission` VALUES (782, 1, 103, 0, 0, 0);
INSERT INTO `sys_role_permission` VALUES (783, 1, 601, 0, 0, 0);
INSERT INTO `sys_role_permission` VALUES (784, 1, 602, 0, 0, 0);
INSERT INTO `sys_role_permission` VALUES (785, 1, 603, 0, 0, 0);
INSERT INTO `sys_role_permission` VALUES (786, 1, 604, 0, 0, 0);
INSERT INTO `sys_role_permission` VALUES (787, 1, 705, 0, 0, 0);
INSERT INTO `sys_role_permission` VALUES (788, 1, 707, 0, 0, 0);
INSERT INTO `sys_role_permission` VALUES (789, 1, 708, 0, 0, 0);
INSERT INTO `sys_role_permission` VALUES (790, 1, 701, 0, 0, 0);
INSERT INTO `sys_role_permission` VALUES (791, 1, 702, 0, 0, 0);
INSERT INTO `sys_role_permission` VALUES (792, 1, 704, 0, 0, 0);
INSERT INTO `sys_role_permission` VALUES (793, 1, 703, 0, 0, 0);
INSERT INTO `sys_role_permission` VALUES (794, 1, 101, 0, 0, 0);
INSERT INTO `sys_role_permission` VALUES (795, 1, 102, 0, 0, 0);
INSERT INTO `sys_role_permission` VALUES (796, 1, 103, 0, 0, 0);
INSERT INTO `sys_role_permission` VALUES (797, 1, 601, 0, 0, 0);
INSERT INTO `sys_role_permission` VALUES (798, 1, 602, 0, 0, 0);
INSERT INTO `sys_role_permission` VALUES (799, 1, 603, 0, 0, 0);
INSERT INTO `sys_role_permission` VALUES (800, 1, 604, 0, 0, 0);
INSERT INTO `sys_role_permission` VALUES (801, 1, 705, 0, 0, 0);
INSERT INTO `sys_role_permission` VALUES (802, 1, 707, 0, 0, 0);
INSERT INTO `sys_role_permission` VALUES (803, 1, 708, 0, 0, 0);
INSERT INTO `sys_role_permission` VALUES (804, 1, 701, 0, 0, 0);
INSERT INTO `sys_role_permission` VALUES (805, 1, 702, 0, 0, 0);
INSERT INTO `sys_role_permission` VALUES (806, 1, 704, 0, 0, 0);
INSERT INTO `sys_role_permission` VALUES (807, 1, 710, 0, 0, 0);
INSERT INTO `sys_role_permission` VALUES (808, 1, 711, 0, 0, 0);
INSERT INTO `sys_role_permission` VALUES (809, 1, 712, 0, 0, 0);
INSERT INTO `sys_role_permission` VALUES (810, 1, 713, 0, 0, 0);
INSERT INTO `sys_role_permission` VALUES (811, 1, 714, 0, 0, 0);
INSERT INTO `sys_role_permission` VALUES (812, 1, 715, 0, 0, 0);
INSERT INTO `sys_role_permission` VALUES (813, 1, 717, 0, 0, 0);
INSERT INTO `sys_role_permission` VALUES (814, 1, 718, 0, 0, 0);
INSERT INTO `sys_role_permission` VALUES (815, 1, 719, 0, 0, 0);
INSERT INTO `sys_role_permission` VALUES (816, 1, 720, 0, 0, 0);
INSERT INTO `sys_role_permission` VALUES (817, 1, 716, 0, 0, 0);
INSERT INTO `sys_role_permission` VALUES (818, 1, 722, 0, 0, 0);
INSERT INTO `sys_role_permission` VALUES (819, 1, 723, 0, 0, 0);
INSERT INTO `sys_role_permission` VALUES (820, 1, 724, 0, 0, 0);
INSERT INTO `sys_role_permission` VALUES (821, 1, 725, 0, 0, 0);

-- ----------------------------
-- Table structure for sys_school_user
-- ----------------------------
DROP TABLE IF EXISTS `sys_school_user`;
CREATE TABLE `sys_school_user`  (
  `id` varchar(255) CHARACTER SET utf8 COLLATE utf8_general_ci NOT NULL COMMENT 'id',
  `name` varchar(255) CHARACTER SET utf8 COLLATE utf8_general_ci NOT NULL COMMENT '真实姓名',
  `phone` bigint(11) NOT NULL COMMENT '联系电话',
  `email` varchar(255) CHARACTER SET utf8 COLLATE utf8_general_ci NULL DEFAULT NULL COMMENT '邮箱',
  ` password` varchar(255) CHARACTER SET utf8 COLLATE utf8_general_ci NOT NULL COMMENT '密码',
  `username` varchar(255) CHARACTER SET utf8 COLLATE utf8_general_ci NULL DEFAULT NULL COMMENT '登录账号',
  `school_id` varchar(255) CHARACTER SET utf8 COLLATE utf8_general_ci NOT NULL COMMENT '所属学校',
  `create_time` bigint(13) NOT NULL COMMENT '添加时间',
  `avatar` varchar(255) CHARACTER SET utf8 COLLATE utf8_general_ci NULL DEFAULT NULL COMMENT '用户头像',
  PRIMARY KEY (`id`) USING BTREE
) ENGINE = InnoDB CHARACTER SET = utf8 COLLATE = utf8_general_ci ROW_FORMAT = Dynamic;

-- ----------------------------
-- Records of sys_school_user
-- ----------------------------
INSERT INTO `sys_school_user` VALUES ('6419f8cc0ea015f408f7aa212d8bd9a0', '楚小梦', 15838373750, NULL, '123456', '', '0c749c1595d443f4857c2b06f33a9ecd', 1557018773670, 'http://192.168.17.190:7001/public/user/3449c9e5e332f1dbb81505cd739fbf3f.jpg');
INSERT INTO `sys_school_user` VALUES ('72e9ebc03c01a913f584ded75c659aa6', '555', 12345678457, NULL, '123456', 'www', '02d2f33d5fc04850bb21b640019c37c6', 1551840548006, NULL);
INSERT INTO `sys_school_user` VALUES ('8e958a85417cb5bba193d34f56cb1997', '挽留', 12345678978, NULL, '123', 'qqq', '00c9b46aef074a3c8001935c2fc36bc5', 1551840749919, NULL);
INSERT INTO `sys_school_user` VALUES ('96ff4522f42de92c5c976de2d78caa92', '王室', 12345678978, NULL, 'w123456', 'rrr', '064421962b2c4b97922531c2044a1481', 1551841446873, NULL);
INSERT INTO `sys_school_user` VALUES ('9b437ce19fb9e33c5d6fd2a32e07eafe', '不打瞌睡', 12345678941, NULL, '123456', '', '2ace472174c94727974f7285df9057fd', 1556616666565, NULL);
INSERT INTO `sys_school_user` VALUES ('aec54bfaa84e38ac64af7e46b06634f6', '郭德纲', 12345678991, NULL, '123456', '', '29f5a29901614d37b453f66ba124b40a', 1556616148762, NULL);
INSERT INTO `sys_school_user` VALUES ('b206bcd7f2ab7f9125f131a2301b45ba', '王琦', 12345678978, NULL, '123', 'eee', '02d2f33d5fc04850bb21b640019c37c6', 1551840953349, NULL);
INSERT INTO `sys_school_user` VALUES ('bbaf3cdc2f6909ccd5aab7863c35ab97', '李老师', 12345678979, NULL, '1234567', 'zhangsan', '00244a2d366140799f0d194b1b37047c', 1551078680795, 'http://192.168.17.146:7001/public/user/3449c9e5e332f1dbb81505cd739fbf3f.jpg');
INSERT INTO `sys_school_user` VALUES ('c5cd382de866029c7d590d4b25d3593c', '王久', 12345678978, NULL, '123', 'vvv', '022d96d2c64142dfb93ae87c0e2ad5fe', 1551841345806, NULL);
INSERT INTO `sys_school_user` VALUES ('d3e662904662fb8114496b675fcbc937', '笑笑', 12345678978, NULL, '123', '12345', '02d2f33d5fc04850bb21b640019c37c6', 1551858641864, NULL);
INSERT INTO `sys_school_user` VALUES ('d59fd2a5916c082b34ac722df72aae76', '小明', 12345678978, NULL, '123', '1234', '00c9b46aef074a3c8001935c2fc36bc5', 1551858588109, NULL);
INSERT INTO `sys_school_user` VALUES ('d7a3a8c1f088736409505847be3f3f66', '王小明', 12345678945, NULL, '123456', 'xiaoming', '022d96d2c64142dfb93ae87c0e2ad5fe', 1554104234327, NULL);
INSERT INTO `sys_school_user` VALUES ('e6e5024b289b4fec31d5baa7753b9127', '郭德纲发', 12345678921, NULL, '123456', '', '13080eb4e186457aa92545455b5f83de', 1556616388154, NULL);
INSERT INTO `sys_school_user` VALUES ('e76f3cc43fe9d2cc5c32465ff2eefcb6', 'wuxudong', 111111111, NULL, '1111111', '', '11111', 1556271150056, NULL);
INSERT INTO `sys_school_user` VALUES ('f293fd953fd076c1a28e56d9d1bf3cf5', '王小康', 12345678912, NULL, '123456', '', '', 1556536749359, NULL);

-- ----------------------------
-- Table structure for sys_tag
-- ----------------------------
DROP TABLE IF EXISTS `sys_tag`;
CREATE TABLE `sys_tag`  (
  `id` bigint(13) NOT NULL AUTO_INCREMENT COMMENT '标签id',
  `name` varchar(255) CHARACTER SET utf8 COLLATE utf8_general_ci NOT NULL COMMENT '标签名',
  `create_time` bigint(13) NOT NULL,
  PRIMARY KEY (`id`) USING BTREE
) ENGINE = InnoDB AUTO_INCREMENT = 8 CHARACTER SET = utf8 COLLATE = utf8_general_ci ROW_FORMAT = Dynamic;

-- ----------------------------
-- Records of sys_tag
-- ----------------------------
INSERT INTO `sys_tag` VALUES (1, '网络故障', 0);
INSERT INTO `sys_tag` VALUES (2, '死机', 0);
INSERT INTO `sys_tag` VALUES (3, '蓝屏', 0);
INSERT INTO `sys_tag` VALUES (4, '黑屏', 0);
INSERT INTO `sys_tag` VALUES (6, '其他', 1552556001774);
INSERT INTO `sys_tag` VALUES (7, '测试', 1552556417628);

-- ----------------------------
-- Table structure for sys_user
-- ----------------------------
DROP TABLE IF EXISTS `sys_user`;
CREATE TABLE `sys_user`  (
  `id` varchar(255) CHARACTER SET utf8 COLLATE utf8_general_ci NOT NULL COMMENT '主键',
  `username` varchar(255) CHARACTER SET utf8 COLLATE utf8_general_ci NOT NULL COMMENT '用户名',
  `password` varchar(255) CHARACTER SET utf8 COLLATE utf8_general_ci NOT NULL COMMENT '密码',
  `role_id` int(10) NOT NULL COMMENT '角色id',
  `update_time` bigint(13) NULL DEFAULT NULL COMMENT '修改时间',
  `create_time` bigint(13) NOT NULL COMMENT '创建时间',
  `status` varchar(2) CHARACTER SET utf8 COLLATE utf8_general_ci NOT NULL COMMENT '是否有效\r\n',
  `job_number` varchar(13) CHARACTER SET utf8 COLLATE utf8_general_ci NOT NULL COMMENT '工号',
  `is_super` varchar(2) CHARACTER SET utf8 COLLATE utf8_general_ci NULL DEFAULT NULL COMMENT '是否是超级管理员1是',
  PRIMARY KEY (`id`) USING BTREE
) ENGINE = InnoDB CHARACTER SET = utf8 COLLATE = utf8_general_ci ROW_FORMAT = Dynamic;

-- ----------------------------
-- Records of sys_user
-- ----------------------------
INSERT INTO `sys_user` VALUES ('9515b7894ca99e97deeaa1b734f3de75', 'edit', '123456', 9, NULL, 1550761132252, '1', '101002', NULL);
INSERT INTO `sys_user` VALUES ('e082f0b71a5f3566396ba3ece5007d5d', 'admin', '123456', 1, NULL, 1550762216973, '1', '101001', '1');

-- ----------------------------
-- Table structure for sys_user_info
-- ----------------------------
DROP TABLE IF EXISTS `sys_user_info`;
CREATE TABLE `sys_user_info`  (
  `id` varchar(255) CHARACTER SET utf8 COLLATE utf8_general_ci NOT NULL COMMENT '主键,工号',
  `name` varchar(255) CHARACTER SET utf8 COLLATE utf8_general_ci NOT NULL COMMENT '人员信息',
  `age` int(2) NOT NULL COMMENT '人员年龄',
  `sex` varchar(2) CHARACTER SET utf8 COLLATE utf8_general_ci NOT NULL COMMENT '人员性别',
  `avatar` varchar(255) CHARACTER SET utf8 COLLATE utf8_general_ci NULL DEFAULT NULL COMMENT '人员头像',
  `address` varchar(255) CHARACTER SET utf8 COLLATE utf8_general_ci NULL DEFAULT NULL COMMENT '人员地址',
  `phone` bigint(11) NOT NULL COMMENT '联系电话',
  `entry_time` bigint(13) NOT NULL COMMENT '入职时间',
  PRIMARY KEY (`id`) USING BTREE
) ENGINE = InnoDB CHARACTER SET = utf8 COLLATE = utf8_general_ci ROW_FORMAT = Dynamic;

-- ----------------------------
-- Records of sys_user_info
-- ----------------------------
INSERT INTO `sys_user_info` VALUES ('101001', '吴旭东', 24, '1', '', '河南省漯河市', 13641119340, 1549900800000);
INSERT INTO `sys_user_info` VALUES ('101002', '楚梦真', 18, '2', '', '赛威小镇', 13641119340, 1550505600000);

-- ----------------------------
-- Table structure for xx_jbxx
-- ----------------------------
DROP TABLE IF EXISTS `xx_jbxx`;
CREATE TABLE `xx_jbxx`  (
  `XX_JBXX_ID` varchar(40) CHARACTER SET utf8 COLLATE utf8_general_ci NOT NULL COMMENT '学校基本信息ID',
  `XXBSM` varchar(10) CHARACTER SET utf8 COLLATE utf8_general_ci NULL DEFAULT NULL COMMENT '学校标识码',
  `XXMC` varchar(100) CHARACTER SET utf8 COLLATE utf8_general_ci NULL DEFAULT NULL COMMENT '学校名称',
  `XXYWMC` varchar(100) CHARACTER SET utf8 COLLATE utf8_general_ci NULL DEFAULT NULL COMMENT '学校英文名称',
  `XXDZ` varchar(180) CHARACTER SET utf8 COLLATE utf8_general_ci NULL DEFAULT NULL COMMENT '学校地址',
  `XXDZDM` varchar(12) CHARACTER SET utf8 COLLATE utf8_general_ci NULL DEFAULT NULL COMMENT '学校(机构)地址行政区划代码\r\n            引用统计用区划代码表（ZD_GB_TJYQHDM）',
  `XXZDCXLXDM` varchar(3) CHARACTER SET utf8 COLLATE utf8_general_ci NULL DEFAULT NULL COMMENT '学校驻地城乡类型',
  `SDGLJYXZDM` varchar(12) CHARACTER SET utf8 COLLATE utf8_general_ci NULL DEFAULT NULL COMMENT '学校（机构）属地管理教育行政部门代码',
  `SDGLJYXZMC` varchar(100) CHARACTER SET utf8 COLLATE utf8_general_ci NULL DEFAULT NULL COMMENT '学校（机构）属地管理教育行政部门名称',
  `SSZGJYXZDM` varchar(12) CHARACTER SET utf8 COLLATE utf8_general_ci NULL DEFAULT NULL COMMENT '学校（机构）所属主管教育行政部门代码',
  `SSZGJYXZMC` varchar(100) CHARACTER SET utf8 COLLATE utf8_general_ci NULL DEFAULT NULL COMMENT '学校（机构）所属主管教育行政部门名称',
  `XXBXLXDM` varchar(3) CHARACTER SET utf8 COLLATE utf8_general_ci NULL DEFAULT NULL COMMENT '学校（机构）办学类型代码',
  `XXJBZDM` varchar(30) CHARACTER SET utf8 COLLATE utf8_general_ci NULL DEFAULT NULL COMMENT '学校（机构）举办者代码',
  `XZXM` varchar(36) CHARACTER SET utf8 COLLATE utf8_general_ci NULL DEFAULT NULL COMMENT '校长姓名',
  `XZSJHM` varchar(20) CHARACTER SET utf8 COLLATE utf8_general_ci NULL DEFAULT NULL COMMENT '校长手机号码',
  `BGDH` varchar(30) CHARACTER SET utf8 COLLATE utf8_general_ci NULL DEFAULT NULL COMMENT '办公电话',
  `CZDH` varchar(30) CHARACTER SET utf8 COLLATE utf8_general_ci NULL DEFAULT NULL COMMENT '传真电话',
  `YZBM` varchar(6) CHARACTER SET utf8 COLLATE utf8_general_ci NULL DEFAULT NULL COMMENT '邮政编码',
  `WZZYDZ` varchar(60) CHARACTER SET utf8 COLLATE utf8_general_ci NULL DEFAULT NULL COMMENT '网站主页地址',
  `DWDZXX` varchar(40) CHARACTER SET utf8 COLLATE utf8_general_ci NULL DEFAULT NULL COMMENT '单位电子信箱',
  `XXXZ` decimal(8, 0) NULL DEFAULT NULL COMMENT '小学学制',
  `XXRXNL` decimal(8, 0) NULL DEFAULT NULL COMMENT '小学入学年龄',
  `CZXZ` decimal(8, 0) NULL DEFAULT NULL COMMENT '初中学制',
  `CZRXNL` decimal(8, 0) NULL DEFAULT NULL COMMENT '初中入学年龄',
  `GZXZ` decimal(8, 0) NULL DEFAULT NULL COMMENT '高中学制',
  `GZRXNL` decimal(8, 0) NULL DEFAULT NULL COMMENT '高中入学年龄',
  `TBRYX` varchar(30) CHARACTER SET utf8 COLLATE utf8_general_ci NULL DEFAULT NULL COMMENT '填表人邮箱',
  `ZZJGDM` varchar(10) CHARACTER SET utf8 COLLATE utf8_general_ci NULL DEFAULT NULL COMMENT '组织机构代码',
  `JXNF` varchar(4) CHARACTER SET utf8 COLLATE utf8_general_ci NULL DEFAULT NULL COMMENT '建校年份',
  `FRDJZH` varchar(60) CHARACTER SET utf8 COLLATE utf8_general_ci NULL DEFAULT NULL COMMENT '法人登记证号',
  `XQR` varchar(10) CHARACTER SET utf8 COLLATE utf8_general_ci NULL DEFAULT NULL COMMENT '校庆日',
  `XXTDCQ` varchar(1) CHARACTER SET utf8 COLLATE utf8_general_ci NULL DEFAULT NULL COMMENT '学校土地产权',
  `TDZH` varchar(40) CHARACTER SET utf8 COLLATE utf8_general_ci NULL DEFAULT NULL COMMENT '土地证号',
  `JSZXSDM` varchar(1) CHARACTER SET utf8 COLLATE utf8_general_ci NULL DEFAULT NULL COMMENT '寄宿制形式代码',
  `HBGD` decimal(8, 0) NULL DEFAULT NULL COMMENT '海拔高度',
  `XXJD` decimal(8, 0) NULL DEFAULT NULL COMMENT '学校经度',
  `XXWD` decimal(8, 0) NULL DEFAULT NULL COMMENT '学校纬度',
  `SZDJJSXDM` varchar(1) CHARACTER SET utf8 COLLATE utf8_general_ci NULL DEFAULT NULL COMMENT '所在地经济属性',
  `SZDMZSXDM` varchar(1) CHARACTER SET utf8 COLLATE utf8_general_ci NULL DEFAULT NULL COMMENT '所在地民族属性',
  `SZDDYSXDM` varchar(1) CHARACTER SET utf8 COLLATE utf8_general_ci NULL DEFAULT NULL COMMENT '所在地地域属性',
  `ZSBJ` varchar(100) CHARACTER SET utf8 COLLATE utf8_general_ci NULL DEFAULT NULL COMMENT '招生半径',
  `ZJXYYDM` varchar(3) CHARACTER SET utf8 COLLATE utf8_general_ci NULL DEFAULT NULL COMMENT '主教学语言代码',
  `FZJXYYDM` varchar(3) CHARACTER SET utf8 COLLATE utf8_general_ci NULL DEFAULT NULL COMMENT '辅教学语言代码',
  `LSYG` varchar(1000) CHARACTER SET utf8 COLLATE utf8_general_ci NULL DEFAULT NULL COMMENT '历史沿革',
  `DLSZSSMZXXDM` varchar(1) CHARACTER SET utf8 COLLATE utf8_general_ci NULL DEFAULT NULL COMMENT '独立设置少数民族校代码',
  `FSGXXXBS` varchar(10) CHARACTER SET utf8 COLLATE utf8_general_ci NULL DEFAULT NULL COMMENT '附属于高校的学校标识码',
  `SSZGDWM` varchar(12) CHARACTER SET utf8 COLLATE utf8_general_ci NULL DEFAULT NULL COMMENT '直属学校代管机构码',
  `FDDBR` varchar(100) CHARACTER SET utf8 COLLATE utf8_general_ci NULL DEFAULT NULL COMMENT '法定代表人',
  `XYMYM` varchar(100) CHARACTER SET utf8 COLLATE utf8_general_ci NULL DEFAULT NULL COMMENT '校园（局域）网域名',
  `XXZTM` varchar(1) CHARACTER SET utf8 COLLATE utf8_general_ci NULL DEFAULT NULL COMMENT '学校状态',
  `SFZXXBZ` varchar(1) CHARACTER SET utf8 COLLATE utf8_general_ci NULL DEFAULT NULL COMMENT '是否中心校标志',
  `SSZXX_ID` varchar(40) CHARACTER SET utf8 COLLATE utf8_general_ci NULL DEFAULT NULL COMMENT '所属中心校ID',
  `SJLYBZM` varchar(1) CHARACTER SET utf8 COLLATE utf8_general_ci NULL DEFAULT NULL,
  `LRR` varchar(30) CHARACTER SET utf8 COLLATE utf8_general_ci NOT NULL COMMENT '录入人',
  `LRSJ` varchar(19) CHARACTER SET utf8 COLLATE utf8_general_ci NOT NULL COMMENT '录入时间',
  `GXR` varchar(30) CHARACTER SET utf8 COLLATE utf8_general_ci NOT NULL COMMENT '更新人',
  `GXSJ` varchar(20) CHARACTER SET utf8 COLLATE utf8_general_ci NOT NULL COMMENT '更新时间',
  `SFZXXDG` varchar(1) CHARACTER SET utf8 COLLATE utf8_general_ci NULL DEFAULT NULL,
  `XXJS` varchar(4000) CHARACTER SET utf8 COLLATE utf8_general_ci NULL DEFAULT NULL COMMENT '学校介绍',
  `SSXZJD` varchar(12) CHARACTER SET utf8 COLLATE utf8_general_ci NULL DEFAULT NULL COMMENT '所属乡镇街道',
  `XXBM` varchar(3) CHARACTER SET utf8 COLLATE utf8_general_ci NULL DEFAULT NULL COMMENT '学校编码',
  PRIMARY KEY (`XX_JBXX_ID`) USING BTREE,
  INDEX `XX_JBXX_ID`(`XX_JBXX_ID`) USING BTREE
) ENGINE = InnoDB CHARACTER SET = utf8 COLLATE = utf8_general_ci COMMENT = '学校基本信息表' ROW_FORMAT = Dynamic;

-- ----------------------------
-- Records of xx_jbxx
-- ----------------------------
INSERT INTO `xx_jbxx` VALUES ('00244a2d366140799f0d194b1b37047c', '2141010111', '叶县辛店镇南房庄村小学', NULL, '叶县辛店镇南房庄村', NULL, '220', '410422000000', '河南省平顶山市叶县教育局', '410422000000', '河南省平顶山市叶县教育局', '218', '111', '庞学贵', NULL, '8848658', NULL, NULL, NULL, NULL, NULL, NULL, NULL, NULL, NULL, NULL, NULL, NULL, NULL, NULL, NULL, NULL, NULL, NULL, NULL, 113, 33, NULL, NULL, NULL, NULL, NULL, NULL, NULL, NULL, NULL, NULL, NULL, NULL, '1', NULL, NULL, NULL, '7254', '20180627 10:53:35', '7254', '2019-01-28 19:30:12', NULL, NULL, '410422108000', '471');
INSERT INTO `xx_jbxx` VALUES ('00c9b46aef074a3c8001935c2fc36bc5', '3141002284', '叶县邓李乡初级中学', NULL, '叶县邓李乡邓李村东二公里', NULL, '210', '410422000000', '河南省平顶山市叶县教育局', '410422000000', '河南省平顶山市叶县教育局', '311', '111', '郜红涛', NULL, '8625016', NULL, NULL, NULL, NULL, NULL, NULL, NULL, NULL, NULL, NULL, NULL, NULL, NULL, NULL, NULL, NULL, NULL, NULL, NULL, 113, 33, NULL, NULL, NULL, NULL, NULL, NULL, NULL, NULL, NULL, NULL, NULL, NULL, '1', NULL, NULL, NULL, '7253', '20180626 20:45:12', '7253', '2019-01-28 19:30:12', NULL, NULL, '410422210000', '372');
INSERT INTO `xx_jbxx` VALUES ('022d96d2c64142dfb93ae87c0e2ad5fe', '2141015938', '叶县常村镇月台学校', NULL, '叶县常村镇月台村', NULL, '220', '410422000000', '河南省平顶山市叶县教育局', '410422000000', '河南省平顶山市叶县教育局', '211', '111', '王玉民', NULL, '8790089', NULL, NULL, NULL, NULL, NULL, NULL, NULL, NULL, NULL, NULL, NULL, NULL, NULL, NULL, NULL, NULL, NULL, NULL, NULL, 113, 33, NULL, NULL, NULL, NULL, NULL, NULL, NULL, NULL, NULL, NULL, NULL, NULL, '1', NULL, NULL, NULL, '7353', '20180627 17:12:22', '7353', '2019-01-28 19:30:12', NULL, NULL, '410422107000', '712');
INSERT INTO `xx_jbxx` VALUES ('02d2f33d5fc04850bb21b640019c37c6', '2141015950', '叶县常村镇李九思学校', NULL, '叶县常村镇李九思村', NULL, '220', '410422000000', '河南省平顶山市叶县教育局', '410422000000', '河南省平顶山市叶县教育局', '218', '111', '卢建国', NULL, '8790089', NULL, NULL, NULL, NULL, NULL, NULL, NULL, NULL, NULL, NULL, NULL, NULL, NULL, NULL, NULL, NULL, NULL, NULL, NULL, 113, 33, NULL, NULL, NULL, NULL, NULL, NULL, NULL, NULL, NULL, NULL, NULL, NULL, '1', NULL, NULL, NULL, '7353', '20180627 17:12:26', '7353', '2019-01-28 19:30:12', NULL, NULL, '410422107000', '721');
INSERT INTO `xx_jbxx` VALUES ('030356a639c145e59bfeed949541ac2d', '2141030112', '叶县叶邑镇诚信小学', NULL, '叶县叶邑镇止张村', NULL, '122', '410422000000', '河南省平顶山市叶县教育局', '410422000000', '河南省平顶山市叶县教育局', '218', '111', '李艳红', NULL, '7275959', NULL, NULL, NULL, NULL, NULL, NULL, NULL, NULL, NULL, NULL, NULL, NULL, NULL, NULL, NULL, NULL, NULL, NULL, NULL, 113, 33, NULL, NULL, NULL, NULL, NULL, NULL, NULL, NULL, NULL, NULL, NULL, NULL, '1', NULL, NULL, NULL, '7253', '20180627 16:09:30', '7253', '2019-01-28 19:30:12', NULL, NULL, '410422105000', '697');
INSERT INTO `xx_jbxx` VALUES ('03191c15ee584ebfbc9ce320c78eba21', '2141005892', '叶县叶邑镇沈湾小学', NULL, '叶邑镇叶邑镇沈湾村', NULL, '122', '410422000000', '河南省平顶山市叶县教育局', '410422000000', '河南省平顶山市叶县教育局', '211', '111', '王秋芳', NULL, '7275959', NULL, NULL, NULL, NULL, NULL, NULL, NULL, NULL, NULL, NULL, NULL, NULL, NULL, NULL, NULL, NULL, NULL, NULL, NULL, 113, 33, NULL, NULL, NULL, NULL, NULL, NULL, NULL, NULL, NULL, NULL, NULL, NULL, '1', NULL, NULL, NULL, '7254', '20180627 14:34:03', '7254', '2019-01-28 19:30:12', NULL, NULL, '410422105000', '626');
INSERT INTO `xx_jbxx` VALUES ('064421962b2c4b97922531c2044a1481', '2141012270', '叶县邓李乡庙李学校', NULL, '叶县邓李乡庙李村', NULL, '220', '410422000000', '河南省平顶山市叶县教育局', '410422000000', '河南省平顶山市叶县教育局', '211', '111', '王朋辉', NULL, '8625016', NULL, NULL, NULL, NULL, NULL, NULL, NULL, NULL, NULL, NULL, NULL, NULL, NULL, NULL, NULL, NULL, NULL, NULL, NULL, 113, 33, NULL, NULL, NULL, NULL, NULL, NULL, NULL, NULL, NULL, NULL, NULL, NULL, '1', NULL, NULL, NULL, '7353', '20180627 17:12:59', '7353', '2019-01-28 19:30:12', NULL, NULL, '410422210000', '729');
INSERT INTO `xx_jbxx` VALUES ('084ec5dbc6324c41b77109885b54de36', '2141018222', '叶县水寨乡丁华小学', NULL, '叶县水寨乡丁华村', NULL, '220', '410422000000', '河南省平顶山市叶县教育局', '410422000000', '河南省平顶山市叶县教育局', '218', '111', '华国林', NULL, '8598121', NULL, NULL, NULL, NULL, NULL, NULL, NULL, NULL, NULL, NULL, NULL, NULL, NULL, NULL, NULL, NULL, NULL, NULL, NULL, 113, 33, NULL, NULL, NULL, NULL, NULL, NULL, NULL, NULL, NULL, NULL, NULL, NULL, '1', NULL, NULL, NULL, '7253', '20180627 15:28:25', '7253', '2019-01-28 19:30:12', NULL, NULL, '410422208000', '672');
INSERT INTO `xx_jbxx` VALUES ('08cd61150b99455683aff13a293f57a9', '2141012443', '叶县洪庄杨乡炼石店教学点', NULL, '叶县洪庄杨乡炼石店村', NULL, '220', '410422000000', '河南省平顶山市叶县教育局', '410422000000', '河南省平顶山市叶县教育局', '218', '111', '张克党', NULL, '13592188014', NULL, NULL, NULL, NULL, NULL, NULL, NULL, NULL, NULL, NULL, NULL, NULL, NULL, NULL, NULL, NULL, NULL, NULL, NULL, 113, 33, NULL, NULL, NULL, NULL, NULL, NULL, NULL, NULL, NULL, NULL, NULL, NULL, '1', NULL, NULL, NULL, '7353', '20180627 17:13:18', '7353', '2019-01-28 19:30:12', NULL, NULL, '410422109000', '742');
INSERT INTO `xx_jbxx` VALUES ('08ec68221eba4c08b79ac289291de9e1', '2141017326', '叶县田庄乡英李小学', NULL, '河南省平顶山市叶县田庄乡英李村委会  ', NULL, '122', '410422000000', '河南省平顶山市叶县教育局', '410422000000', '河南省平顶山市叶县教育局', '211', '111', '王有海', NULL, '13592189816', NULL, NULL, NULL, NULL, NULL, NULL, NULL, NULL, NULL, NULL, NULL, NULL, NULL, NULL, NULL, NULL, NULL, NULL, NULL, 113, 33, NULL, NULL, NULL, NULL, NULL, NULL, NULL, NULL, NULL, NULL, NULL, NULL, '1', NULL, NULL, NULL, '7253', '20180627 15:40:22', '7253', '2019-01-28 19:30:12', NULL, NULL, '410422204000', '685');
INSERT INTO `xx_jbxx` VALUES ('09059c46a73d431d80339881f485b9af', '2141001550', '叶县仙台镇华伟小学', NULL, '叶县仙台镇西董庄村', NULL, '220', '410422000000', '河南省平顶山市叶县教育局', '410422000000', '河南省平顶山市叶县教育局', '211', '111', '董华伟', NULL, '8500320', NULL, NULL, NULL, NULL, NULL, NULL, NULL, NULL, NULL, NULL, NULL, NULL, NULL, NULL, NULL, NULL, NULL, NULL, NULL, 113, 33, NULL, NULL, NULL, NULL, NULL, NULL, NULL, NULL, NULL, NULL, NULL, NULL, '1', NULL, NULL, NULL, '7254', '20180627 15:06:35', '7709', '2019-01-28 19:30:12', NULL, '叶县仙台镇华伟小学', '410422103000', '659');
INSERT INTO `xx_jbxx` VALUES ('09dd2bc98ff342c79ef6732ef7e7d892', '2141010120', '叶县辛店镇阳光小学', NULL, '叶县辛店镇辛店村', NULL, '121', '410422000000', '河南省平顶山市叶县教育局', '410422000000', '河南省平顶山市叶县教育局', '211', '111', '安国政', NULL, '8848658', NULL, NULL, NULL, NULL, NULL, NULL, NULL, NULL, NULL, NULL, NULL, NULL, NULL, NULL, NULL, NULL, NULL, NULL, NULL, 113, 33, NULL, NULL, NULL, NULL, NULL, NULL, NULL, NULL, NULL, NULL, NULL, NULL, '1', NULL, NULL, NULL, '7353', '20180627 17:15:30', '7353', '2019-01-28 19:30:12', NULL, NULL, '410422108000', '822');
INSERT INTO `xx_jbxx` VALUES ('09e6761e18c5443ab45c5865bf6ff3be', '2141010104', '叶县辛店镇俆庄小学', NULL, '叶县辛店镇西徐庄村', NULL, '220', '410422000000', '河南省平顶山市叶县教育局', '410422000000', '河南省平顶山市叶县教育局', '211', '111', '赵印亭', NULL, '8848658', NULL, NULL, NULL, NULL, NULL, NULL, NULL, NULL, NULL, NULL, NULL, NULL, NULL, NULL, NULL, NULL, NULL, NULL, NULL, 113, 33, NULL, NULL, NULL, NULL, NULL, NULL, NULL, NULL, NULL, NULL, NULL, NULL, '1', NULL, NULL, NULL, '7254', '20180627 10:51:35', '7254', '2019-01-28 19:30:11', NULL, NULL, '410422108000', '468');
INSERT INTO `xx_jbxx` VALUES ('0a78b15fe81b41c69e8b5078d4b4448e', '2141037657', '叶县夏李乡许岭官庄小学教学点', NULL, '河南省平顶山市叶县夏李乡官庄村', NULL, '220', '410422000000', '河南省平顶山市叶县教育局', '410422000000', '河南省平顶山市叶县教育局', '218', '111', '刘歌', NULL, '8754511', NULL, NULL, NULL, NULL, NULL, NULL, NULL, NULL, NULL, NULL, NULL, NULL, NULL, NULL, NULL, NULL, NULL, NULL, NULL, 113, 33, NULL, NULL, NULL, NULL, NULL, NULL, NULL, NULL, NULL, NULL, NULL, NULL, '1', NULL, NULL, NULL, '7253', '20180627 15:46:00', '7253', '2019-01-28 19:30:12', NULL, NULL, '410422201000', '689');
INSERT INTO `xx_jbxx` VALUES ('0b01be2f37e947e5b9e7f63f55b573a5', '2141007125', '叶县夏李乡小河郭小学', NULL, '河南省平顶山市叶县夏李乡小河郭村', NULL, '220', '410422000000', '河南省平顶山市叶县教育局', '410422000000', '河南省平顶山市叶县教育局', '218', '111', '赵振铎', NULL, '8754511', NULL, NULL, NULL, NULL, NULL, NULL, NULL, NULL, NULL, NULL, NULL, NULL, NULL, NULL, NULL, NULL, NULL, NULL, NULL, 113, 33, NULL, NULL, NULL, NULL, NULL, NULL, NULL, NULL, NULL, NULL, NULL, NULL, '1', NULL, NULL, NULL, '7254', '20180626 20:57:17', '7254', '2019-01-28 19:30:12', NULL, NULL, '410422201000', '341');
INSERT INTO `xx_jbxx` VALUES ('0c0387d571a74381a26a78ff8f893e05', '2141010197', '叶县明星小学', NULL, '叶县叶舞路东段路北', NULL, '121', '410422000000', '河南省平顶山市叶县教育局', '410422000000', '河南省平顶山市叶县教育局', '211', '111', '杨保红', NULL, '13393786796', NULL, NULL, NULL, NULL, NULL, NULL, NULL, NULL, NULL, NULL, NULL, NULL, NULL, NULL, NULL, NULL, NULL, NULL, NULL, 113, 33, NULL, NULL, NULL, NULL, NULL, NULL, NULL, NULL, NULL, NULL, NULL, NULL, '1', NULL, NULL, NULL, '7353', '20180627 17:13:52', '7353', '2019-01-28 19:30:12', NULL, NULL, '410422002000', '752');
INSERT INTO `xx_jbxx` VALUES ('0c749c1595d443f4857c2b06f33a9ecd', '2141000953', '叶县三和双语学校', NULL, '叶县化工路西段', NULL, '122', '410422000000', '河南省平顶山市叶县教育局', '410422000000', '河南省平顶山市叶县教育局', '211', '999', '贾二军', NULL, '13938678591', NULL, NULL, NULL, NULL, NULL, NULL, NULL, NULL, NULL, NULL, NULL, NULL, NULL, NULL, NULL, NULL, NULL, NULL, NULL, 113, 33, NULL, NULL, NULL, NULL, NULL, NULL, NULL, NULL, NULL, NULL, NULL, NULL, '1', NULL, NULL, NULL, '7253', '20181016 17:07:29', '1', '2019-01-28 19:30:12', NULL, '叶县三和双语学校位于叶县。。。。成立于。。。。。。。', '410422002000', '853');
INSERT INTO `xx_jbxx` VALUES ('0cffe463817d428bb14640c954a5bea5', '2141037629', '叶县辛店镇赵寨小学八缸教学点', NULL, '叶县辛店镇八缸村', NULL, '220', '410422000000', '河南省平顶山市叶县教育局', '410422000000', '河南省平顶山市叶县教育局', '218', '111', '范彩红', NULL, '8848658', NULL, NULL, NULL, NULL, NULL, NULL, NULL, NULL, NULL, NULL, NULL, NULL, NULL, NULL, NULL, NULL, NULL, NULL, NULL, 113, 33, NULL, NULL, NULL, NULL, NULL, NULL, NULL, NULL, NULL, NULL, NULL, NULL, '1', NULL, NULL, NULL, '7253', '20180627 16:05:53', '7253', '2019-01-28 19:30:12', NULL, NULL, '410422108000', '696');
INSERT INTO `xx_jbxx` VALUES ('0d1d866122674920b2426f366272d5a7', '2141011436', '叶县廉村镇纸陈小学', NULL, '叶县连村镇纸陈村', NULL, '220', '410422000000', '河南省平顶山市叶县教育局', '410422000000', '河南省平顶山市叶县教育局', '211', '111', '李海丽', NULL, '18637563976', NULL, NULL, NULL, NULL, NULL, NULL, NULL, NULL, NULL, NULL, NULL, NULL, NULL, NULL, NULL, NULL, NULL, NULL, NULL, 113, 33, NULL, NULL, NULL, NULL, NULL, NULL, NULL, NULL, NULL, NULL, NULL, NULL, '1', NULL, NULL, NULL, '7353', '20180627 17:14:14', '7353', '2019-01-28 19:30:12', NULL, NULL, '410422106000', '769');
INSERT INTO `xx_jbxx` VALUES ('0df3c7266d074a7da7f484c2a970ce78', '3141000596', '叶县叶邑镇叶公私立学校', NULL, '叶县叶邑镇东风林场', NULL, '220', '410422000000', '河南省平顶山市叶县教育局', '410422000000', '河南省平顶山市叶县教育局', '312', '111', '王兆彪', NULL, '7275959', NULL, NULL, NULL, NULL, NULL, NULL, NULL, NULL, NULL, NULL, NULL, NULL, NULL, NULL, NULL, NULL, NULL, NULL, NULL, 113, 33, NULL, NULL, NULL, NULL, NULL, NULL, NULL, NULL, NULL, NULL, NULL, NULL, '1', NULL, NULL, NULL, '7253', '20180626 20:55:39', '7253', '2019-01-28 19:30:12', NULL, NULL, '410422105000', '388');
INSERT INTO `xx_jbxx` VALUES ('0e0396a300ce4f5f907100b2fc9ea2b1', '2141012495', '叶县洪庄杨乡王湾教学点', NULL, '洪庄杨镇王湾村', NULL, '220', '410422000000', '河南省平顶山市叶县教育局', '410422000000', '河南省平顶山市叶县教育局', '218', '111', '张广辉', NULL, '15938999718', NULL, NULL, NULL, NULL, NULL, NULL, NULL, NULL, NULL, NULL, NULL, NULL, NULL, NULL, NULL, NULL, NULL, NULL, NULL, 113, 33, NULL, NULL, NULL, NULL, NULL, NULL, NULL, NULL, NULL, NULL, NULL, NULL, '1', NULL, NULL, NULL, '7353', '20180627 17:13:19', '7353', '2019-01-28 19:30:12', NULL, NULL, '410422109000', '746');
INSERT INTO `xx_jbxx` VALUES ('104722f8797542af97bb06015ba91018', '2141004383', '叶县昆阳镇第五小学', NULL, '叶县商业街西段路北', NULL, '121', '410422000000', '河南省平顶山市叶县教育局', '410422000000', '河南省平顶山市叶县教育局', '211', '111', '李国杰', NULL, '2315668', NULL, NULL, NULL, NULL, NULL, NULL, NULL, NULL, NULL, NULL, NULL, NULL, NULL, NULL, NULL, NULL, NULL, NULL, NULL, 113, 33, NULL, NULL, NULL, NULL, NULL, NULL, NULL, NULL, NULL, NULL, NULL, NULL, '1', NULL, NULL, NULL, '7254', '20180626 20:19:41', '7254', '2019-01-28 19:30:11', NULL, NULL, '410422002000', '306');
INSERT INTO `xx_jbxx` VALUES ('10536604590e44618e047652477a27de', '3141001938', '叶县叶邑镇实验学校', NULL, '叶县叶邑镇止张村', NULL, '122', '410422000000', '河南省平顶山市叶县教育局', '410422000000', '河南省平顶山市叶县教育局', '312', '111', '王红杰', NULL, '8811000', NULL, NULL, NULL, NULL, NULL, NULL, NULL, NULL, NULL, NULL, NULL, NULL, NULL, NULL, NULL, NULL, NULL, NULL, NULL, 113, 33, NULL, NULL, NULL, NULL, NULL, NULL, NULL, NULL, NULL, NULL, NULL, NULL, '1', NULL, NULL, NULL, '7253', '20180626 20:34:24', '7253', '2019-01-28 19:30:12', NULL, NULL, '410422105000', '312');
INSERT INTO `xx_jbxx` VALUES ('10dc2aa2d7b0469284047756f23df7ee', '2141012990', '叶县仙台镇董寨学校', NULL, '叶县仙台镇董寨村', NULL, '220', '410422000000', '河南省平顶山市叶县教育局', '410422000000', '河南省平顶山市叶县教育局', '211', '111', '董巧娟', NULL, '8507003', NULL, NULL, NULL, NULL, NULL, NULL, NULL, NULL, NULL, NULL, NULL, NULL, NULL, NULL, NULL, NULL, NULL, NULL, NULL, 113, 33, NULL, NULL, NULL, NULL, NULL, NULL, NULL, NULL, NULL, NULL, NULL, NULL, '1', NULL, NULL, NULL, '7353', '20180627 17:15:08', '7353', '2019-01-28 19:30:12', NULL, NULL, '410422103000', '813');
INSERT INTO `xx_jbxx` VALUES ('110ed6cbc69a48418f2b82b5044d689a', '2141015170', '叶县任店镇古路湾小学', NULL, '叶县任店镇古路湾', NULL, '220', '410422000000', '河南省平顶山市叶县教育局', '410422000000', '河南省平顶山市叶县教育局', '211', '111', '郑春河', NULL, '8682034', NULL, NULL, NULL, NULL, NULL, NULL, NULL, NULL, NULL, NULL, NULL, NULL, NULL, NULL, NULL, NULL, NULL, NULL, NULL, 113, 33, NULL, NULL, NULL, NULL, NULL, NULL, NULL, NULL, NULL, NULL, NULL, NULL, '1', NULL, NULL, NULL, '7353', '20180627 17:14:48', '7353', '2019-01-28 19:30:12', NULL, NULL, '410422101000', '794');
INSERT INTO `xx_jbxx` VALUES ('1112bfeaed854412840821e954bc3646', '2141005877', '叶县叶邑镇孟庄小学', NULL, '叶县叶邑镇孟庄小学', NULL, '220', '410422000000', '河南省平顶山市叶县教育局', '410422000000', '河南省平顶山市叶县教育局', '211', '111', '仓金保', NULL, '75720585', NULL, NULL, NULL, NULL, NULL, NULL, NULL, NULL, NULL, NULL, NULL, NULL, NULL, NULL, NULL, NULL, NULL, NULL, NULL, 113, 33, NULL, NULL, NULL, NULL, NULL, NULL, NULL, NULL, NULL, NULL, NULL, NULL, '1', NULL, NULL, NULL, '7254', '20180627 14:32:07', '7254', '2019-01-28 19:30:12', NULL, NULL, '410422105000', '595');
INSERT INTO `xx_jbxx` VALUES ('1175f7e420ef42bf82f1d25093a3508e', '2141007045', '叶县夏李乡坟沟小学', NULL, '河南省平顶山市叶县夏李乡坟沟村', NULL, '220', '410422000000', '河南省平顶山市叶县教育局', '410422000000', '河南省平顶山市叶县教育局', '211', '111', '王文君', NULL, '8754511', NULL, NULL, NULL, NULL, NULL, NULL, NULL, NULL, NULL, NULL, NULL, NULL, NULL, NULL, NULL, NULL, NULL, NULL, NULL, 113, 33, NULL, NULL, NULL, NULL, NULL, NULL, NULL, NULL, NULL, NULL, NULL, NULL, '1', NULL, NULL, NULL, '7254', '20180626 20:47:02', '7254', '2019-01-28 19:30:11', NULL, NULL, '410422201000', '377');
INSERT INTO `xx_jbxx` VALUES ('120c8b1cf1c042c38cfed851d15d081f', '2141007120', '叶县夏李乡杨庄小学', NULL, '河南省平顶山市叶县夏李乡杨庄小学', NULL, '220', '410422000000', '河南省平顶山市叶县教育局', '410422000000', '河南省平顶山市叶县教育局', '218', '111', '申长会', NULL, '8754511', NULL, NULL, NULL, NULL, NULL, NULL, NULL, NULL, NULL, NULL, NULL, NULL, NULL, NULL, NULL, NULL, NULL, NULL, NULL, 113, 33, NULL, NULL, NULL, NULL, NULL, NULL, NULL, NULL, NULL, NULL, NULL, NULL, '1', NULL, NULL, NULL, '7254', '20180626 20:56:47', '7254', '2019-01-28 19:30:12', NULL, NULL, '410422201000', '340');
INSERT INTO `xx_jbxx` VALUES ('123b1974d87445838ad168973a07b8c8', '2141010073', '叶县辛店镇程庄小学', NULL, '叶县辛店镇程庄村', NULL, '220', '410422000000', '河南省平顶山市叶县教育局', '410422000000', '河南省平顶山市叶县教育局', '211', '111', '陈全成', NULL, '8848658', NULL, NULL, NULL, NULL, NULL, NULL, NULL, NULL, NULL, NULL, NULL, NULL, NULL, NULL, NULL, NULL, NULL, NULL, NULL, 113, 33, NULL, NULL, NULL, NULL, NULL, NULL, NULL, NULL, NULL, NULL, NULL, NULL, '1', NULL, NULL, NULL, '7254', '20180627 10:44:27', '7254', '2019-01-28 19:30:12', NULL, NULL, '410422108000', '459');
INSERT INTO `xx_jbxx` VALUES ('124913a99a3f4a95acc970824ee93072', '2141007114', '叶县夏李乡许岭小学', NULL, '河南省平顶山市叶县夏李乡许岭村', NULL, '220', '410422000000', '河南省平顶山市叶县教育局', '410422000000', '河南省平顶山市叶县教育局', '211', '111', '田富宾', NULL, '8754511', NULL, NULL, NULL, NULL, NULL, NULL, NULL, NULL, NULL, NULL, NULL, NULL, NULL, NULL, NULL, NULL, NULL, NULL, NULL, 113, 33, NULL, NULL, NULL, NULL, NULL, NULL, NULL, NULL, NULL, NULL, NULL, NULL, '1', NULL, NULL, NULL, '7254', '20180626 20:56:02', '7254', '2019-01-28 19:30:12', NULL, NULL, '410422201000', '389');
INSERT INTO `xx_jbxx` VALUES ('127c2bd582b24dcb9f0578bfc27257ee', '2141018863', '叶县龙泉乡阳光学校', NULL, '叶县龙泉全集村', NULL, '220', '410422000000', '河南省平顶山市叶县教育局', '410422000000', '河南省平顶山市叶县教育局', '211', '111', '全国宏', NULL, '8538206', NULL, NULL, NULL, NULL, NULL, NULL, NULL, NULL, NULL, NULL, NULL, NULL, NULL, NULL, NULL, NULL, NULL, NULL, NULL, 113, 33, NULL, NULL, NULL, NULL, NULL, NULL, NULL, NULL, NULL, NULL, NULL, NULL, '1', NULL, NULL, NULL, '7253', '20180627 15:11:34', '7253', '2019-01-28 19:30:12', NULL, NULL, '410422207000', '665');
INSERT INTO `xx_jbxx` VALUES ('13080eb4e186457aa92545455b5f83de', '2141005903', '叶县叶邑镇倒马沟小学', NULL, '叶县叶邑镇倒马沟小学', NULL, '220', '410422000000', '河南省平顶山市叶县教育局', '410422000000', '河南省平顶山市叶县教育局', '211', '111', '陈自锋', NULL, '7275959', NULL, NULL, NULL, NULL, NULL, NULL, NULL, NULL, NULL, NULL, NULL, NULL, NULL, NULL, NULL, NULL, NULL, NULL, NULL, 113, 33, NULL, NULL, NULL, NULL, NULL, NULL, NULL, NULL, NULL, NULL, NULL, NULL, '1', NULL, NULL, NULL, '7254', '20180627 14:39:22', '7254', '2019-01-28 19:30:12', NULL, NULL, '410422105000', '631');
INSERT INTO `xx_jbxx` VALUES ('13afe2afcc5240adb9aa51da6f17dbfd', '2141022708', '叶县保安镇魏岗铺小学', NULL, '叶县保安镇魏岗铺村', NULL, '122', '410422000000', '河南省平顶山市叶县教育局', '410422000000', '河南省平顶山市叶县教育局', '211', '111', '高艳辉', NULL, '8829818', NULL, NULL, NULL, NULL, NULL, NULL, NULL, NULL, NULL, NULL, NULL, NULL, NULL, NULL, NULL, NULL, NULL, NULL, NULL, 113, 33, NULL, NULL, NULL, NULL, NULL, NULL, NULL, NULL, NULL, NULL, NULL, NULL, '1', NULL, NULL, NULL, '7253', '20180627 10:51:34', '7253', '2019-01-28 19:30:12', NULL, NULL, '410422102000', '467');
INSERT INTO `xx_jbxx` VALUES ('1554bc9ea8464216a62d6595c9fbda93', '2141008449', '叶县保安镇杨寺庄小学', NULL, '叶县保安镇杨寺庄村', NULL, '220', '410422000000', '河南省平顶山市叶县教育局', '410422000000', '河南省平顶山市叶县教育局', '218', '111', '杨忠诚', NULL, '8829818', NULL, NULL, NULL, NULL, NULL, NULL, NULL, NULL, NULL, NULL, NULL, NULL, NULL, NULL, NULL, NULL, NULL, NULL, NULL, 113, 33, NULL, NULL, NULL, NULL, NULL, NULL, NULL, NULL, NULL, NULL, NULL, NULL, '1', NULL, NULL, NULL, '7254', '20180627 09:44:02', '7254', '2019-01-28 19:30:12', NULL, NULL, '410422102000', '406');
INSERT INTO `xx_jbxx` VALUES ('15c66cf821f645139b4ba1ee52900d1d', '3141003608', '叶县龚店乡第二初级中学', NULL, '叶县龚店乡节庄村', NULL, '220', '410422000000', '河南省平顶山市叶县教育局', '410422000000', '河南省平顶山市叶县教育局', '311', '111', '曹部伟', NULL, '7268256', NULL, NULL, NULL, NULL, NULL, NULL, NULL, NULL, NULL, NULL, NULL, NULL, NULL, NULL, NULL, NULL, NULL, NULL, NULL, 113, 33, NULL, NULL, NULL, NULL, NULL, NULL, NULL, NULL, NULL, NULL, NULL, NULL, '1', NULL, NULL, NULL, '7253', '20180626 20:46:20', '7253', '2019-01-28 19:30:11', NULL, NULL, '410422205000', '375');
INSERT INTO `xx_jbxx` VALUES ('15c7cf0b136d46ef86414f77daccec7a', '2141002700', '叶县昆阳镇第一小学', NULL, '昆阳街道南街居委会西大街50号', NULL, '121', '410422000000', '河南省平顶山市叶县教育局', '410422000000', '河南省平顶山市叶县教育局', '211', '111', '高丽丽', NULL, '2315668', NULL, NULL, NULL, NULL, NULL, NULL, NULL, NULL, NULL, NULL, NULL, NULL, NULL, NULL, NULL, NULL, NULL, NULL, NULL, 113, 33, NULL, NULL, NULL, NULL, NULL, NULL, NULL, NULL, NULL, NULL, NULL, NULL, '1', NULL, NULL, NULL, '7254', '20180627 15:34:50', '7254', '2019-01-28 19:30:12', NULL, NULL, '410422002000', '675');
INSERT INTO `xx_jbxx` VALUES ('163498a19ec64b7590bb9ae6e71f2360', '2141014942', '叶县新智源双语寄宿学', NULL, '河南省平顶山市叶县田庄乡前党村委会  ', NULL, '220', '410422000000', '河南省平顶山市叶县教育局', '410422000000', '河南省平顶山市叶县教育局', '211', '111', '武培培', NULL, '8739988', NULL, NULL, NULL, NULL, NULL, NULL, NULL, NULL, NULL, NULL, NULL, NULL, NULL, NULL, NULL, NULL, NULL, NULL, NULL, 113, 33, NULL, NULL, NULL, NULL, NULL, NULL, NULL, NULL, NULL, NULL, NULL, NULL, '1', NULL, NULL, NULL, '7353', '20180627 17:20:31', '7353', '2019-01-28 19:30:12', NULL, NULL, '410422204000', '842');
INSERT INTO `xx_jbxx` VALUES ('1751e168315a44349c457c91e637db7c', '3141000363', '叶县夏李乡第二初级中学', NULL, '叶县夏李乡小河郭村', NULL, '220', '410422000000', '河南省平顶山市叶县教育局', '410422000000', '河南省平顶山市叶县教育局', '311', '111', '汪彦军', NULL, '8754519', NULL, NULL, NULL, NULL, NULL, NULL, NULL, NULL, NULL, NULL, NULL, NULL, NULL, NULL, NULL, NULL, NULL, NULL, NULL, 113, 33, NULL, NULL, NULL, NULL, NULL, NULL, NULL, NULL, NULL, NULL, NULL, NULL, '1', NULL, NULL, NULL, '7253', '20180626 20:16:40', '7253', '2019-01-28 19:30:12', NULL, NULL, '410422201000', '352');
INSERT INTO `xx_jbxx` VALUES ('177e17f5c07049bdb2b02d9bbfc1a8b7', '2141015994', '叶县龚店乡余王小学', NULL, '叶县龚店乡余王村', NULL, '220', '410422000000', '河南省平顶山市叶县教育局', '410422000000', '河南省平顶山市叶县教育局', '218', '111', '金秀丛', NULL, '7268256', NULL, NULL, NULL, NULL, NULL, NULL, NULL, NULL, NULL, NULL, NULL, NULL, NULL, NULL, NULL, NULL, NULL, NULL, NULL, 113, 33, NULL, NULL, NULL, NULL, NULL, NULL, NULL, NULL, NULL, NULL, NULL, NULL, '1', NULL, NULL, NULL, '7253', '20180627 10:11:25', '7253', '2019-01-28 19:30:12', NULL, NULL, '410422205000', '431');
INSERT INTO `xx_jbxx` VALUES ('189ba1aa03b242098813581d7b8bc832', '2141011296', '叶县廉村镇后崔小学', NULL, '叶县廉村镇后崔村', NULL, '220', '410422000000', '河南省平顶山市叶县教育局', '410422000000', '河南省平顶山市叶县教育局', '211', '111', '张许周', NULL, '8556779', NULL, NULL, NULL, NULL, NULL, NULL, NULL, NULL, NULL, NULL, NULL, NULL, NULL, NULL, NULL, NULL, NULL, NULL, NULL, 113, 33, NULL, NULL, NULL, NULL, NULL, NULL, NULL, NULL, NULL, NULL, NULL, NULL, '1', NULL, NULL, NULL, '7353', '20180627 17:14:11', '7353', '2019-01-28 19:30:12', NULL, NULL, '410422106000', '760');
INSERT INTO `xx_jbxx` VALUES ('1909e15080d84158a2dc479aa4bc610f', '2141010096', '叶县辛店镇田寨小学', NULL, '叶县辛店镇田寨村', NULL, '220', '410422000000', '河南省平顶山市叶县教育局', '410422000000', '河南省平顶山市叶县教育局', '211', '111', '仓士民', NULL, '8848658', NULL, NULL, NULL, NULL, NULL, NULL, NULL, NULL, NULL, NULL, NULL, NULL, NULL, NULL, NULL, NULL, NULL, NULL, NULL, 113, 33, NULL, NULL, NULL, NULL, NULL, NULL, NULL, NULL, NULL, NULL, NULL, NULL, '1', NULL, NULL, NULL, '7254', '20180627 10:50:21', '7254', '2019-01-28 19:30:12', NULL, NULL, '410422108000', '465');
INSERT INTO `xx_jbxx` VALUES ('19efb8e3258e42abb931aef44351a454', '3141000339', '叶县昆阳中学', NULL, '叶县昆阳街道金印街5号', NULL, '121', '410422000000', '河南省平顶山市叶县教育局', '410422000000', '河南省平顶山市叶县教育局', '311', '111', '齐治国', NULL, '6115007', NULL, NULL, NULL, NULL, NULL, NULL, NULL, NULL, NULL, NULL, NULL, NULL, NULL, NULL, NULL, NULL, NULL, NULL, NULL, 113, 33, NULL, NULL, NULL, NULL, NULL, NULL, NULL, NULL, NULL, NULL, NULL, NULL, '1', NULL, NULL, NULL, '7253', '20180626 20:51:16', '7253', '2019-01-28 19:30:12', NULL, NULL, '410422002000', '333');
INSERT INTO `xx_jbxx` VALUES ('1a07cdc828d74898a9b5ae03350b600a', '2141005899', '叶县叶邑镇中心小学', NULL, '叶县叶邑镇常庄村', NULL, '121', '410422000000', '河南省平顶山市叶县教育局', '410422000000', '河南省平顶山市叶县教育局', '211', '111', '高三娟', NULL, '7275959', NULL, NULL, NULL, NULL, NULL, NULL, NULL, NULL, NULL, NULL, NULL, NULL, NULL, NULL, NULL, NULL, NULL, NULL, NULL, 113, 33, NULL, NULL, NULL, NULL, NULL, NULL, NULL, NULL, NULL, NULL, NULL, NULL, '1', NULL, NULL, NULL, '7254', '20180627 14:36:08', '7254', '2019-01-28 19:30:12', NULL, NULL, '410422105000', '630');
INSERT INTO `xx_jbxx` VALUES ('1abc30cb6f6243a591e177565f20be17', '2141022372', '叶县廉村镇高柳小学', NULL, '河南省平顶山市叶县廉村镇高柳小学', NULL, '220', '410422000000', '河南省平顶山市叶县教育局', '410422000000', '河南省平顶山市叶县教育局', '218', '111', '张金刚', NULL, '18239737896', NULL, NULL, NULL, NULL, NULL, NULL, NULL, NULL, NULL, NULL, NULL, NULL, NULL, NULL, NULL, NULL, NULL, NULL, NULL, 113, 33, NULL, NULL, NULL, NULL, NULL, NULL, NULL, NULL, NULL, NULL, NULL, NULL, '1', NULL, NULL, NULL, '7253', '20180627 15:06:34', '7253', '2019-01-28 19:30:12', NULL, NULL, '410422106000', '660');
INSERT INTO `xx_jbxx` VALUES ('1b2f057ca4b54f2b9bad28c81989f221', '2141006596', '叶县叶邑镇辛庄小学', NULL, '叶县叶邑镇辛庄村', NULL, '220', '410422000000', '河南省平顶山市叶县教育局', '410422000000', '河南省平顶山市叶县教育局', '211', '111', '李锋', NULL, '7275959', NULL, NULL, NULL, NULL, NULL, NULL, NULL, NULL, NULL, NULL, NULL, NULL, NULL, NULL, NULL, NULL, NULL, NULL, NULL, 113, 33, NULL, NULL, NULL, NULL, NULL, NULL, NULL, NULL, NULL, NULL, NULL, NULL, '1', NULL, NULL, NULL, '7254', '20180627 14:46:20', '7254', '2019-01-28 19:30:12', NULL, NULL, '410422105000', '648');
INSERT INTO `xx_jbxx` VALUES ('1b343c5952cb4ba59b5d7c6abd229724', '2141015931', '叶县龚店乡实验学校', NULL, '叶县龚店乡龚西村', NULL, '210', '410422000000', '河南省平顶山市叶县教育局', '410422000000', '河南省平顶山市叶县教育局', '211', '111', '穆松河', NULL, '7268256', NULL, NULL, NULL, NULL, NULL, NULL, NULL, NULL, NULL, NULL, NULL, NULL, NULL, NULL, NULL, NULL, NULL, NULL, NULL, 113, 33, NULL, NULL, NULL, NULL, NULL, NULL, NULL, NULL, NULL, NULL, NULL, NULL, '1', NULL, NULL, NULL, '7254', '20180627 14:04:28', '7254', '2019-01-28 19:30:12', NULL, NULL, '410422205000', '484');
INSERT INTO `xx_jbxx` VALUES ('1c0493136c714e958992f4abc3ae7315', '2141011298', '叶县廉村镇坟台徐小学', NULL, '廉村镇坟台徐村', NULL, '122', '410422000000', '河南省平顶山市叶县教育局', '410422000000', '河南省平顶山市叶县教育局', '211', '111', '刘尧坤', NULL, '15994006371', NULL, NULL, NULL, NULL, NULL, NULL, NULL, NULL, NULL, NULL, NULL, NULL, NULL, NULL, NULL, NULL, NULL, NULL, NULL, 113, 33, NULL, NULL, NULL, NULL, NULL, NULL, NULL, NULL, NULL, NULL, NULL, NULL, '1', NULL, NULL, NULL, '7353', '20180627 17:14:12', '7353', '2019-01-28 19:30:12', NULL, NULL, '410422106000', '761');
INSERT INTO `xx_jbxx` VALUES ('1c665d12737245e8a5d8c3b857712b44', '2141005906', '叶县叶邑镇蔡庄小学', NULL, '叶县叶邑镇蔡庄村', NULL, '220', '410422000000', '河南省平顶山市叶县教育局', '410422000000', '河南省平顶山市叶县教育局', '211', '111', '王付现', NULL, '7275959', NULL, NULL, NULL, NULL, NULL, NULL, NULL, NULL, NULL, NULL, NULL, NULL, NULL, NULL, NULL, NULL, NULL, NULL, NULL, 113, 33, NULL, NULL, NULL, NULL, NULL, NULL, NULL, NULL, NULL, NULL, NULL, NULL, '1', NULL, NULL, NULL, '7254', '20180627 14:42:33', '7254', '2019-01-28 19:30:12', NULL, NULL, '410422105000', '637');
INSERT INTO `xx_jbxx` VALUES ('1c9eac685d414a0f81229b64ce3711bd', '3141001939', '叶县叶邑镇叶公中学', NULL, '叶邑镇原东风林场', NULL, '220', '410422000000', '河南省平顶山市叶县教育局', '410422000000', '河南省平顶山市叶县教育局', '311', '111', '刘汉臣', NULL, '2332222', NULL, NULL, NULL, NULL, NULL, NULL, NULL, NULL, NULL, NULL, NULL, NULL, NULL, NULL, NULL, NULL, NULL, NULL, NULL, 113, 33, NULL, NULL, NULL, NULL, NULL, NULL, NULL, NULL, NULL, NULL, NULL, NULL, '1', NULL, NULL, NULL, '7253', '20180626 20:35:18', '7253', '2019-01-28 19:30:11', NULL, NULL, '410422105000', '313');
INSERT INTO `xx_jbxx` VALUES ('1d2d83ec205048e3acc2eb8d09b8c38b', '2141015090', '叶县任店镇任二中心小学', NULL, '叶县任店镇任二村', NULL, '122', '410422000000', '河南省平顶山市叶县教育局', '410422000000', '河南省平顶山市叶县教育局', '211', '111', '魏伊丽', NULL, '8682034', NULL, NULL, NULL, NULL, NULL, NULL, NULL, NULL, NULL, NULL, NULL, NULL, NULL, NULL, NULL, NULL, NULL, NULL, NULL, 113, 33, NULL, NULL, NULL, NULL, NULL, NULL, NULL, NULL, NULL, NULL, NULL, NULL, '1', NULL, NULL, NULL, '7353', '20180627 17:14:46', '7353', '2019-01-28 19:30:12', NULL, NULL, '410422101000', '786');
INSERT INTO `xx_jbxx` VALUES ('1e64e0383a814e3aad156763dcf61d3e', '2141010061', '叶县辛店镇辛店小学', NULL, '叶县辛店镇辛店村', NULL, '121', '410422000000', '河南省平顶山市叶县教育局', '410422000000', '河南省平顶山市叶县教育局', '211', '111', '杨海笑', NULL, '8848658', NULL, NULL, NULL, NULL, NULL, NULL, NULL, NULL, NULL, NULL, NULL, NULL, NULL, NULL, NULL, NULL, NULL, NULL, NULL, 113, 33, NULL, NULL, NULL, NULL, NULL, NULL, NULL, NULL, NULL, NULL, NULL, NULL, '1', NULL, NULL, NULL, '7254', '20180627 10:36:53', '7254', '2019-01-28 19:30:12', NULL, NULL, '410422108000', '452');
INSERT INTO `xx_jbxx` VALUES ('1e6a561adbd841ddbdca0bb1fc55c59e', '2141015943', '叶县常村镇马庄学校', NULL, '叶县常村镇马庄村', NULL, '220', '410422000000', '河南省平顶山市叶县教育局', '410422000000', '河南省平顶山市叶县教育局', '211', '111', '马俊元', NULL, '8790089', NULL, NULL, NULL, NULL, NULL, NULL, NULL, NULL, NULL, NULL, NULL, NULL, NULL, NULL, NULL, NULL, NULL, NULL, NULL, 113, 33, NULL, NULL, NULL, NULL, NULL, NULL, NULL, NULL, NULL, NULL, NULL, NULL, '1', NULL, NULL, NULL, '7353', '20180627 17:12:24', '7353', '2019-01-28 19:30:12', NULL, NULL, '410422107000', '716');
INSERT INTO `xx_jbxx` VALUES ('1e95f6b9a1b344549d3bb3e28724b8c2', '2141011625', '叶县太保育才学校', NULL, '叶县城关乡郑庄村', NULL, '121', '410422000000', '河南省平顶山市叶县教育局', '410422000000', '河南省平顶山市叶县教育局', '211', '111', '刘丽', NULL, '13781822517', NULL, NULL, NULL, NULL, NULL, NULL, NULL, NULL, NULL, NULL, NULL, NULL, NULL, NULL, NULL, NULL, NULL, NULL, NULL, 113, 33, NULL, NULL, NULL, NULL, NULL, NULL, NULL, NULL, NULL, NULL, NULL, NULL, '1', NULL, NULL, NULL, '7353', '20180627 17:15:47', '7353', '2019-01-28 19:30:12', NULL, NULL, '410422003000', '830');
INSERT INTO `xx_jbxx` VALUES ('1ef9a032a2b64430a6d8d3b750365ef3', '2141012420', '叶县洪庄杨乡焦李庄小学', NULL, '洪庄杨镇焦李庄', NULL, '220', '410422000000', '河南省平顶山市叶县教育局', '410422000000', '河南省平顶山市叶县教育局', '211', '111', '李菊红', NULL, '13693755549', NULL, NULL, NULL, NULL, NULL, NULL, NULL, NULL, NULL, NULL, NULL, NULL, NULL, NULL, NULL, NULL, NULL, NULL, NULL, 113, 33, NULL, NULL, NULL, NULL, NULL, NULL, NULL, NULL, NULL, NULL, NULL, NULL, '1', NULL, NULL, NULL, '7353', '20180627 17:13:17', '7353', '2019-01-28 19:30:12', NULL, NULL, '410422109000', '739');
INSERT INTO `xx_jbxx` VALUES ('1f4da0e702444be88c34ac48e52dbd19', '2141009335', '叶县夏李乡葛庄小学前董教学点', NULL, '河南省平顶山市叶县夏李乡前董村', NULL, '220', '410422000000', '河南省平顶山市叶县教育局', '410422000000', '河南省平顶山市叶县教育局', '218', '111', '刘晓伟', NULL, '8754511', NULL, NULL, NULL, NULL, NULL, NULL, NULL, NULL, NULL, NULL, NULL, NULL, NULL, NULL, NULL, NULL, NULL, NULL, NULL, 113, 33, NULL, NULL, NULL, NULL, NULL, NULL, NULL, NULL, NULL, NULL, NULL, NULL, '1', NULL, NULL, NULL, '7254', '20180627 10:26:04', '7254', '2019-01-28 19:30:12', NULL, NULL, '410422201000', '441');
INSERT INTO `xx_jbxx` VALUES ('1fb7e17c01f648589430ea64a08806f4', '2141012993', '叶县仙台镇寺尚学校', NULL, '叶县仙台镇寺尚村', NULL, '122', '410422000000', '河南省平顶山市叶县教育局', '410422000000', '河南省平顶山市叶县教育局', '218', '111', '张志朋', NULL, '8507003', NULL, NULL, NULL, NULL, NULL, NULL, NULL, NULL, NULL, NULL, NULL, NULL, NULL, NULL, NULL, NULL, NULL, NULL, NULL, 113, 33, NULL, NULL, NULL, NULL, NULL, NULL, NULL, NULL, NULL, NULL, NULL, NULL, '1', NULL, NULL, NULL, '7353', '20180627 17:15:09', '7353', '2019-01-28 19:30:12', NULL, NULL, '410422103000', '816');
INSERT INTO `xx_jbxx` VALUES ('21abf8537da24e6aa4575904e4c64035', '2141009282', '叶县水寨乡奥琪尔实验学校', NULL, '叶县水寨乡政府北500米', NULL, '220', '410422000000', '河南省平顶山市叶县教育局', '410422000000', '河南省平顶山市叶县教育局', '211', '111', '侯召然', NULL, '8598121', NULL, NULL, NULL, NULL, NULL, NULL, NULL, NULL, NULL, NULL, NULL, NULL, NULL, NULL, NULL, NULL, NULL, NULL, NULL, 113, 33, NULL, NULL, NULL, NULL, NULL, NULL, NULL, NULL, NULL, NULL, NULL, NULL, '1', NULL, NULL, NULL, '7254', '20180627 09:50:21', '7254', '2019-01-28 19:30:12', NULL, NULL, '410422208000', '414');
INSERT INTO `xx_jbxx` VALUES ('244c63d1e010450e9298b28c4f04ec11', '2141015951', '叶县常村镇和平岭学校', NULL, '叶县常村镇和平岭村', NULL, '220', '410422000000', '河南省平顶山市叶县教育局', '410422000000', '河南省平顶山市叶县教育局', '218', '111', '郭庆凡', NULL, '8790089', NULL, NULL, NULL, NULL, NULL, NULL, NULL, NULL, NULL, NULL, NULL, NULL, NULL, NULL, NULL, NULL, NULL, NULL, NULL, 113, 33, NULL, NULL, NULL, NULL, NULL, NULL, NULL, NULL, NULL, NULL, NULL, NULL, '1', NULL, NULL, NULL, '7353', '20180627 17:12:26', '7353', '2019-01-28 19:30:12', NULL, NULL, '410422107000', '722');
INSERT INTO `xx_jbxx` VALUES ('2560c5c4334b4b599bb30feea26d64eb', '2141015120', '叶县任店镇高营学校', NULL, '叶县任店镇高营村', NULL, '220', '410422000000', '河南省平顶山市叶县教育局', '410422000000', '河南省平顶山市叶县教育局', '211', '111', '樊思', NULL, '8682034', NULL, NULL, NULL, NULL, NULL, NULL, NULL, NULL, NULL, NULL, NULL, NULL, NULL, NULL, NULL, NULL, NULL, NULL, NULL, 113, 33, NULL, NULL, NULL, NULL, NULL, NULL, NULL, NULL, NULL, NULL, NULL, NULL, '1', NULL, NULL, NULL, '7353', '20180627 17:14:47', '7353', '2019-01-28 19:30:12', NULL, NULL, '410422101000', '790');
INSERT INTO `xx_jbxx` VALUES ('25fa0c9beabf41f6b381f95c5e35e7d7', '2141009290', '叶县水寨乡天边徐学校', NULL, '叶县水寨乡天边徐村', NULL, '220', '410422000000', '河南省平顶山市叶县教育局', '410422000000', '河南省平顶山市叶县教育局', '211', '111', '王二伟', NULL, '8598121', NULL, NULL, NULL, NULL, NULL, NULL, NULL, NULL, NULL, NULL, NULL, NULL, NULL, NULL, NULL, NULL, NULL, NULL, NULL, 113, 33, NULL, NULL, NULL, NULL, NULL, NULL, NULL, NULL, NULL, NULL, NULL, NULL, '1', NULL, NULL, NULL, '7254', '20180627 09:52:34', '7254', '2019-01-28 19:30:12', NULL, NULL, '410422208000', '418');
INSERT INTO `xx_jbxx` VALUES ('26089ae25d7c4adcaaed09b4f7af1a58', '2141012277', '叶县邓李乡庙王学校', NULL, '叶县邓李乡庙王村', NULL, '220', '410422000000', '河南省平顶山市叶县教育局', '410422000000', '河南省平顶山市叶县教育局', '211', '111', '王向文', NULL, '8625016', NULL, NULL, NULL, NULL, NULL, NULL, NULL, NULL, NULL, NULL, NULL, NULL, NULL, NULL, NULL, NULL, NULL, NULL, NULL, 113, 33, NULL, NULL, NULL, NULL, NULL, NULL, NULL, NULL, NULL, NULL, NULL, NULL, '1', NULL, NULL, NULL, '7353', '20180627 17:13:00', '7353', '2019-01-28 19:30:12', NULL, NULL, '410422210000', '730');
INSERT INTO `xx_jbxx` VALUES ('26b30e0f3b014256b745f80c9c4fea79', '3141002834', '叶县盐城中学', NULL, '叶县昆阳大道南段三里桥北50米路东', NULL, '122', '410422000000', '河南省平顶山市叶县教育局', '410422000000', '河南省平顶山市叶县教育局', '312', '111', '吴国志', NULL, '13503755119', NULL, NULL, NULL, NULL, NULL, NULL, NULL, NULL, NULL, NULL, NULL, NULL, NULL, NULL, NULL, NULL, NULL, NULL, NULL, 113, 33, NULL, NULL, NULL, NULL, NULL, NULL, NULL, NULL, NULL, NULL, NULL, NULL, '1', NULL, NULL, NULL, '7253', '20180626 20:54:44', '7253', '2019-01-28 19:30:12', NULL, NULL, '410422002000', '385');
INSERT INTO `xx_jbxx` VALUES ('2825f443756c4f74bf125ce3f71f8d4d', '2141007099', '叶县夏李乡江园小学', NULL, '河南省平顶山市叶县夏李乡江园村', NULL, '220', '410422000000', '河南省平顶山市叶县教育局', '410422000000', '河南省平顶山市叶县教育局', '211', '111', '郭铁军', NULL, '8754511', NULL, NULL, NULL, NULL, NULL, NULL, NULL, NULL, NULL, NULL, NULL, NULL, NULL, NULL, NULL, NULL, NULL, NULL, NULL, 113, 33, NULL, NULL, NULL, NULL, NULL, NULL, NULL, NULL, NULL, NULL, NULL, NULL, '1', NULL, NULL, NULL, '7254', '20180626 20:54:21', '7254', '2019-01-28 19:30:12', NULL, NULL, '410422201000', '384');
INSERT INTO `xx_jbxx` VALUES ('282abbe6422a44abbd9104f008ac065f', '2141005941', '叶县叶邑镇利民小学', NULL, '叶县叶邑镇利民小学', NULL, '220', '410422000000', '河南省平顶山市叶县教育局', '410422000000', '河南省平顶山市叶县教育局', '218', '111', '王合香', NULL, '7275959', NULL, NULL, NULL, NULL, NULL, NULL, NULL, NULL, NULL, NULL, NULL, NULL, NULL, NULL, NULL, NULL, NULL, NULL, NULL, 113, 33, NULL, NULL, NULL, NULL, NULL, NULL, NULL, NULL, NULL, NULL, NULL, NULL, '1', NULL, NULL, NULL, '7254', '20180627 14:45:10', '7254', '2019-01-28 19:30:12', NULL, NULL, '410422105000', '645');
INSERT INTO `xx_jbxx` VALUES ('282d9ab686834183b0c0540b9419e38f', '2141015445', '叶县田庄乡邵丰店小学', NULL, '河南省平顶山市叶县田庄乡邵丰店村委会  ', NULL, '122', '410422000000', '河南省平顶山市叶县教育局', '410422000000', '河南省平顶山市叶县教育局', '211', '111', '段爱云', NULL, '13783285453', NULL, NULL, NULL, NULL, NULL, NULL, NULL, NULL, NULL, NULL, NULL, NULL, NULL, NULL, NULL, NULL, NULL, NULL, NULL, 113, 33, NULL, NULL, NULL, NULL, NULL, NULL, NULL, NULL, NULL, NULL, NULL, NULL, '1', NULL, NULL, NULL, '7253', '20181016 16:59:58', '7253', '2019-01-28 19:30:12', NULL, NULL, '410422204000', '847');
INSERT INTO `xx_jbxx` VALUES ('28624780981b4e84b07d690a5d7453cc', '2141015947', '叶县常村镇石院墙学校', NULL, '叶县常村镇石院墙村', NULL, '220', '410422000000', '河南省平顶山市叶县教育局', '410422000000', '河南省平顶山市叶县教育局', '211', '111', '刘增超', NULL, '8790089', NULL, NULL, NULL, NULL, NULL, NULL, NULL, NULL, NULL, NULL, NULL, NULL, NULL, NULL, NULL, NULL, NULL, NULL, NULL, 113, 33, NULL, NULL, NULL, NULL, NULL, NULL, NULL, NULL, NULL, NULL, NULL, NULL, '1', NULL, NULL, NULL, '7353', '20180627 17:12:25', '7353', '2019-01-28 19:30:12', NULL, NULL, '410422107000', '719');
INSERT INTO `xx_jbxx` VALUES ('28951648a97e44bca97101365d620893', '2141008319', '叶县保安镇中心小学', NULL, '叶县保安镇一村', NULL, '121', '410422000000', '河南省平顶山市叶县教育局', '410422000000', '河南省平顶山市叶县教育局', '211', '111', '王红庆', NULL, '8829818', NULL, NULL, NULL, NULL, NULL, NULL, NULL, NULL, NULL, NULL, NULL, NULL, NULL, NULL, NULL, NULL, NULL, NULL, NULL, 113, 33, NULL, NULL, NULL, NULL, NULL, NULL, NULL, NULL, NULL, NULL, NULL, NULL, '1', NULL, NULL, NULL, '7254', '20180627 09:37:19', '7254', '2019-01-28 19:30:12', NULL, NULL, '410422102000', '397');
INSERT INTO `xx_jbxx` VALUES ('28f9a5e7bc784aebb83c32e063f20d29', '2141008463', '叶县保安镇罗冲村小学', NULL, '叶县保安镇罗冲村', NULL, '220', '410422000000', '河南省平顶山市叶县教育局', '410422000000', '河南省平顶山市叶县教育局', '218', '111', '李勋', NULL, '8829818', NULL, NULL, NULL, NULL, NULL, NULL, NULL, NULL, NULL, NULL, NULL, NULL, NULL, NULL, NULL, NULL, NULL, NULL, NULL, 113, 33, NULL, NULL, NULL, NULL, NULL, NULL, NULL, NULL, NULL, NULL, NULL, NULL, '1', NULL, NULL, NULL, '7254', '20180627 09:45:02', '7254', '2019-01-28 19:30:12', NULL, NULL, '410422102000', '407');
INSERT INTO `xx_jbxx` VALUES ('29d9ce18e7f0438a9a90f8ccd5e8cfa9', '2141011833', '叶县城关乡草厂小学', NULL, '盐都街道草厂庾村', NULL, '220', '410422000000', '河南省平顶山市叶县教育局', '410422000000', '河南省平顶山市叶县教育局', '218', '111', '张自成', NULL, '8057082', NULL, NULL, NULL, NULL, NULL, NULL, NULL, NULL, NULL, NULL, NULL, NULL, NULL, NULL, NULL, NULL, NULL, NULL, NULL, 113, 33, NULL, NULL, NULL, NULL, NULL, NULL, NULL, NULL, NULL, NULL, NULL, NULL, '1', NULL, NULL, NULL, '7353', '20180627 17:15:48', '7353', '2019-01-28 19:30:12', NULL, NULL, '410422003000', '835');
INSERT INTO `xx_jbxx` VALUES ('29ef79ea24da4fb7949aaaec4ee9f523', '4104221001', '测试学校001', NULL, '昆阳街道办事处', NULL, '111', '410422000000', '河南省平顶山市叶县教育局', '410422000000', '河南省平顶山市叶县教育局', '211', '111', '张雪', NULL, '1234567', NULL, NULL, NULL, NULL, NULL, NULL, NULL, NULL, NULL, NULL, NULL, NULL, NULL, NULL, NULL, NULL, NULL, NULL, NULL, 113, 33, NULL, NULL, NULL, NULL, NULL, NULL, NULL, NULL, NULL, NULL, NULL, NULL, '1', NULL, NULL, NULL, '7258', '20180604 20:54:55', '1', '2019-01-28 19:30:12', NULL, '<img src=\"/xxfzgl/xxfzgl/common/commonFile.do?method=getImgFile=20181113150539262.png\" alt=\"\" /><span style=\"font-size:16px;\">; ; ; ;</span><span style=\"font-size:16px;\">学校是叶县唯一的一所县直全日制九年一贯制中、小学校（内设初中部、小学部）。2001年征地建校，2002年秋季开始招生。位于县城文化路中段北侧，占地面积71亩，校舍建筑面积5500平方米，现有教职工76人，任课教师70人，其中本科5人，大专53人，中师;12人，中级职称;15人，初级职称50人，工人6人。现有21个教学班，其中小学阶段17个教学班，初中阶段4个教学班，在校生共1239人。</span>\n<p>\n	<span style=\"font-size:16px;\">; ; ; ;该校坚持以德育为首，以教学为中心，以改善办学条件为龙头，以“外树形象、内抓管理”为原则，以全面发展、提高质量、创办特色学校为根本宗旨，深化了教学改革、强化了教学管理，建立健全了考评、激励和竞争机制。素质教育全面推进，办学水平不断提高。教师敬业。学生勤奋，全校上下呈现出一派生机勃勃、昂扬向上的良好势头。建校仅一年多来，已取得骄人成绩，在县组织的中小学书画比赛和小学生毕业调研考试中均名列榜首，“五四”中队、“五六”中队被授予平顶山市“雷锋中队”称号，学校被评为市依法治教先进单位，治理中小学乱收费先进单位，校长韩会广同志被评为市级科技创新和素质教育优秀工作者，副校长李秀花同志被评为市级优秀教师，政教主任蒋联生同志被评为市级德育工作先进个人，教育科研喜结硕果。一年来共撰写科研论文228篇，其中75篇荣获市级论文奖。</span><br />\n<span style=\"font-size:16px;\">;;拥有一支政治觉悟高、业务素质强、师德形象美的教师队伍，其中省级青年骨干教师3人、市级青年骨干教师11人，省级优质课教师4人，市级优质课教师12人，县级优质课教师17人。</span><br />\n	<p>\n		<span style=\"font-size:16px;\">;;拥有一个“团结、开拓、进取”的富有凝聚力的领导班子，大家共同发出的只有一个声音，就是干工作、拼质量，抱定的只有一个目标，就是办特色、创名校，崇尚的只有一种精神，就是办实事、做真人。</span>\n	</p>\n	<p>\n		<span style=\"font-size:16px;\"><img class=\"currentImg\" id=\"currentImg\" src=\"https://timgsa.baidu.com/timg?image;quality=80;size=b9999_10000;sec=1542106953793;di=15bcca18be06c03766f7e9a169cd9d18;imgtype=0;src=http%3A%2F%2Fimgsrc.baidu.com%2Fforum%2Fw%3D580%2Fsign%3Db619204f962f07085f052a08d925b865%2Fa1416bc6a7efce1bacd9facaa751f3deb58f6569.jpg\" style=\"width:580px;height:325px;\" title=\"点击查看源网页\" width=\"580\" height=\"325\" /><br />\n</span>\n	</p>\n</p>\n<p>\n	<br />\n</p>', '410422002000', '301');
INSERT INTO `xx_jbxx` VALUES ('29f5a29901614d37b453f66ba124b40a', '2141004565', '叶县龙泉李明己小学', NULL, '叶县龙泉乡李明己学校', NULL, '220', '410422000000', '河南省平顶山市叶县教育局', '410422000000', '河南省平顶山市叶县教育局', '211', '111', '张松涛', NULL, '8538206', NULL, NULL, NULL, NULL, NULL, NULL, NULL, NULL, NULL, NULL, NULL, NULL, NULL, NULL, NULL, NULL, NULL, NULL, NULL, 113, 33, NULL, NULL, NULL, NULL, NULL, NULL, NULL, NULL, NULL, NULL, NULL, NULL, '1', NULL, NULL, NULL, '7254', '20180626 20:25:30', '7254', '2019-01-28 19:30:12', NULL, NULL, '410422207000', '362');
INSERT INTO `xx_jbxx` VALUES ('2a091091b4084b1c8e5fd22dd3184f76', '2141008499', '叶县保安镇杨令庄村小学', NULL, '叶县保安镇杨令庄村', NULL, '220', '410422000000', '河南省平顶山市叶县教育局', '410422000000', '河南省平顶山市叶县教育局', '218', '111', '马超', NULL, '8829818', NULL, NULL, NULL, NULL, NULL, NULL, NULL, NULL, NULL, NULL, NULL, NULL, NULL, NULL, NULL, NULL, NULL, NULL, NULL, 113, 33, NULL, NULL, NULL, NULL, NULL, NULL, NULL, NULL, NULL, NULL, NULL, NULL, '1', NULL, NULL, NULL, '7254', '20180627 09:47:37', '7254', '2019-01-28 19:30:12', NULL, NULL, '410422102000', '410');
INSERT INTO `xx_jbxx` VALUES ('2ace472174c94727974f7285df9057fd', '2141015939', '叶县常村镇刘东华学校', NULL, '叶县常村镇刘东华村', NULL, '220', '410422000000', '河南省平顶山市叶县教育局', '410422000000', '河南省平顶山市叶县教育局', '211', '111', '阴启印', NULL, '8790089', NULL, NULL, NULL, NULL, NULL, NULL, NULL, NULL, NULL, NULL, NULL, NULL, NULL, NULL, NULL, NULL, NULL, NULL, NULL, 113, 33, NULL, NULL, NULL, NULL, NULL, NULL, NULL, NULL, NULL, NULL, NULL, NULL, '1', NULL, NULL, NULL, '7353', '20180627 17:12:23', '7353', '2019-01-28 19:30:12', NULL, NULL, '410422107000', '713');
INSERT INTO `xx_jbxx` VALUES ('2bbc881344284a81b179b9bacd35c2d5', '2141007537', '叶县叶邑镇樊庄小学', NULL, '叶县叶邑镇樊庄村', NULL, '220', '410422000000', '河南省平顶山市叶县教育局', '410422000000', '河南省平顶山市叶县教育局', '211', '111', '郭毅培', NULL, '7275959', NULL, NULL, NULL, NULL, NULL, NULL, NULL, NULL, NULL, NULL, NULL, NULL, NULL, NULL, NULL, NULL, NULL, NULL, NULL, 113, 33, NULL, NULL, NULL, NULL, NULL, NULL, NULL, NULL, NULL, NULL, NULL, NULL, '1', NULL, NULL, NULL, '7254', '20180627 14:28:35', '7254', '2019-01-28 19:30:12', NULL, NULL, '410422105000', '491');
INSERT INTO `xx_jbxx` VALUES ('2c5660c8e9774c4e81f09345fde951ef', '2141004354', '叶县洪庄杨乡河北高小学', NULL, '洪庄杨乡河北高村', NULL, '122', '410422000000', '河南省平顶山市叶县教育局', '410422000000', '河南省平顶山市叶县教育局', '211', '111', '高晓辉', NULL, '13837542663', NULL, NULL, NULL, NULL, NULL, NULL, NULL, NULL, NULL, NULL, NULL, NULL, NULL, NULL, NULL, NULL, NULL, NULL, NULL, 113, 33, NULL, NULL, NULL, NULL, NULL, NULL, NULL, NULL, NULL, NULL, NULL, NULL, '1', NULL, NULL, NULL, '7254', '20180626 20:16:52', '7254', '2019-01-28 19:30:12', NULL, NULL, '410422109000', '353');
INSERT INTO `xx_jbxx` VALUES ('2c7ac0d0f8c04cef8f9cc17dcedd0bf1', '2141015956', '叶县常村镇中马学校', NULL, '叶县常村镇中马村', NULL, '220', '410422000000', '河南省平顶山市叶县教育局', '410422000000', '河南省平顶山市叶县教育局', '218', '111', '张定安', NULL, '8790089', NULL, NULL, NULL, NULL, NULL, NULL, NULL, NULL, NULL, NULL, NULL, NULL, NULL, NULL, NULL, NULL, NULL, NULL, NULL, 113, 33, NULL, NULL, NULL, NULL, NULL, NULL, NULL, NULL, NULL, NULL, NULL, NULL, '1', NULL, NULL, NULL, '7253', '20180627 09:51:30', '7253', '2019-01-28 19:30:12', NULL, NULL, '410422107000', '416');
INSERT INTO `xx_jbxx` VALUES ('2ccc8ebf47b940db8f0be03a136d81d2', '2141010956', '叶县叶邑镇思城小学', NULL, '叶县叶邑镇思诚村', NULL, '220', '410422000000', '河南省平顶山市叶县教育局', '410422000000', '河南省平顶山市叶县教育局', '211', '111', '张晓宇', NULL, '7275959', NULL, NULL, NULL, NULL, NULL, NULL, NULL, NULL, NULL, NULL, NULL, NULL, NULL, NULL, NULL, NULL, NULL, NULL, NULL, 113, 33, NULL, NULL, NULL, NULL, NULL, NULL, NULL, NULL, NULL, NULL, NULL, NULL, '1', NULL, NULL, NULL, '7353', '20180627 17:18:17', '7353', '2019-01-28 19:30:12', NULL, NULL, '410422105000', '839');
INSERT INTO `xx_jbxx` VALUES ('2d147d41ccb647f39ab7e44e42b4f9f3', '2141012241', '叶县邓李乡东方寄宿学校', NULL, '叶县邓李乡孙寨村', NULL, '220', '410422000000', '河南省平顶山市叶县教育局', '410422000000', '河南省平顶山市叶县教育局', '211', '111', '黄军伟', NULL, '8625016', NULL, NULL, NULL, NULL, NULL, NULL, NULL, NULL, NULL, NULL, NULL, NULL, NULL, NULL, NULL, NULL, NULL, NULL, NULL, 113, 33, NULL, NULL, NULL, NULL, NULL, NULL, NULL, NULL, NULL, NULL, NULL, NULL, '1', NULL, NULL, NULL, '7353', '20180627 17:12:58', '7353', '2019-01-28 19:30:12', NULL, NULL, '410422210000', '723');
INSERT INTO `xx_jbxx` VALUES ('2d288cbfa09c48ecbd07f2ff2e573dd7', '2141017266', '叶县叶邑镇中村小学', NULL, '叶县叶邑镇蔡庄小学', NULL, '122', '410422000000', '河南省平顶山市叶县教育局', '410422000000', '河南省平顶山市叶县教育局', '211', '111', '朱新旺', NULL, '7275959', NULL, NULL, NULL, NULL, NULL, NULL, NULL, NULL, NULL, NULL, NULL, NULL, NULL, NULL, NULL, NULL, NULL, NULL, NULL, 113, 33, NULL, NULL, NULL, NULL, NULL, NULL, NULL, NULL, NULL, NULL, NULL, NULL, '1', NULL, NULL, NULL, '7253', '20180627 16:12:15', '7253', '2019-01-28 19:30:12', NULL, NULL, '410422105000', '700');
INSERT INTO `xx_jbxx` VALUES ('2ded3ed26b1c4050b8c8a1da69092887', '2141015246', '叶县任店镇克庄小学', NULL, '叶县任店镇克庄', NULL, '220', '410422000000', '河南省平顶山市叶县教育局', '410422000000', '河南省平顶山市叶县教育局', '218', '111', '郭梅花', NULL, '8682034', NULL, NULL, NULL, NULL, NULL, NULL, NULL, NULL, NULL, NULL, NULL, NULL, NULL, NULL, NULL, NULL, NULL, NULL, NULL, 113, 33, NULL, NULL, NULL, NULL, NULL, NULL, NULL, NULL, NULL, NULL, NULL, NULL, '1', NULL, NULL, NULL, '7353', '20180627 17:14:50', '7353', '2019-01-28 19:30:12', NULL, NULL, '410422101000', '801');
INSERT INTO `xx_jbxx` VALUES ('2e4c5d50768e4cc3ab9cd7f6d617fca7', '2141012361', '叶县洪庄杨乡张集小学', NULL, '洪庄杨镇张集村', NULL, '220', '410422000000', '河南省平顶山市叶县教育局', '410422000000', '河南省平顶山市叶县教育局', '211', '111', '张向魁', NULL, '13937586512', NULL, NULL, NULL, NULL, NULL, NULL, NULL, NULL, NULL, NULL, NULL, NULL, NULL, NULL, NULL, NULL, NULL, NULL, NULL, 113, 33, NULL, NULL, NULL, NULL, NULL, NULL, NULL, NULL, NULL, NULL, NULL, NULL, '1', NULL, NULL, NULL, '7353', '20180627 17:13:16', '7353', '2019-01-28 19:30:12', NULL, NULL, '410422109000', '735');
INSERT INTO `xx_jbxx` VALUES ('2f120d9449394df789f9e851e5a204a2', '2141015173', '叶县任店镇刘口学校', NULL, '平顶山市叶县任店镇刘口村', NULL, '220', '410422000000', '河南省平顶山市叶县教育局', '410422000000', '河南省平顶山市叶县教育局', '211', '111', '刘素霞', NULL, '8682034', NULL, NULL, NULL, NULL, NULL, NULL, NULL, NULL, NULL, NULL, NULL, NULL, NULL, NULL, NULL, NULL, NULL, NULL, NULL, 113, 33, NULL, NULL, NULL, NULL, NULL, NULL, NULL, NULL, NULL, NULL, NULL, NULL, '1', NULL, NULL, NULL, '7353', '20180627 17:14:48', '7353', '2019-01-28 19:30:12', NULL, NULL, '410422101000', '795');
INSERT INTO `xx_jbxx` VALUES ('2fc6f7d630124e32b20e1e879b35de7e', '2141017570', '叶县任店镇实验小学', NULL, '河南省平顶山市叶县任店镇胡庄', NULL, '220', '410422000000', '河南省平顶山市叶县教育局', '410422000000', '河南省平顶山市叶县教育局', '211', '111', '陈群领', NULL, '8682034', NULL, NULL, NULL, NULL, NULL, NULL, NULL, NULL, NULL, NULL, NULL, NULL, NULL, NULL, NULL, NULL, NULL, NULL, NULL, 113, 33, NULL, NULL, NULL, NULL, NULL, NULL, NULL, NULL, NULL, NULL, NULL, NULL, '1', NULL, NULL, NULL, '7253', '20180627 15:22:43', '7253', '2019-01-28 19:30:12', NULL, NULL, '410422101000', '667');
INSERT INTO `xx_jbxx` VALUES ('30c9659c3d384df9947ca9942f15608d', '2141018169', '叶县龚店乡司赵小学', NULL, '叶县龚店乡司赵村', NULL, '220', '410422000000', '河南省平顶山市叶县教育局', '410422000000', '河南省平顶山市叶县教育局', '211', '111', '梁付魁', NULL, '7268256', NULL, NULL, NULL, NULL, NULL, NULL, NULL, NULL, NULL, NULL, NULL, NULL, NULL, NULL, NULL, NULL, NULL, NULL, NULL, 113, 33, NULL, NULL, NULL, NULL, NULL, NULL, NULL, NULL, NULL, NULL, NULL, NULL, '1', NULL, NULL, NULL, '7253', '20180627 14:43:58', '7253', '2019-01-28 19:30:12', NULL, NULL, '410422205000', '643');
INSERT INTO `xx_jbxx` VALUES ('319ddda9c76e4f1ca9d6c19860e420f2', '2141017262', '叶县洪庄杨乡桑树贾教学点', NULL, '洪庄杨乡桑树贾村', NULL, '220', '410422000000', '河南省平顶山市叶县教育局', '410422000000', '河南省平顶山市叶县教育局', '218', '111', '刘秀君', NULL, '13939962139', NULL, NULL, NULL, NULL, NULL, NULL, NULL, NULL, NULL, NULL, NULL, NULL, NULL, NULL, NULL, NULL, NULL, NULL, NULL, 113, 33, NULL, NULL, NULL, NULL, NULL, NULL, NULL, NULL, NULL, NULL, NULL, NULL, '1', NULL, NULL, NULL, '7253', '20180627 14:53:02', '7253', '2019-01-28 19:30:12', NULL, NULL, '410422109000', '654');
INSERT INTO `xx_jbxx` VALUES ('3306db2031114a1883ab8b6c9fbdb2ae', '2141007148', '叶县夏李乡孙安小学', NULL, '河南省平顶山市叶县夏李乡孙安村', NULL, '220', '410422000000', '河南省平顶山市叶县教育局', '410422000000', '河南省平顶山市叶县教育局', '211', '111', '郭石磊', NULL, '8754511', NULL, NULL, NULL, NULL, NULL, NULL, NULL, NULL, NULL, NULL, NULL, NULL, NULL, NULL, NULL, NULL, NULL, NULL, NULL, 113, 33, NULL, NULL, NULL, NULL, NULL, NULL, NULL, NULL, NULL, NULL, NULL, NULL, '1', NULL, NULL, NULL, '7254', '20180627 09:15:37', '7254', '2019-01-28 19:30:12', NULL, NULL, '410422201000', '391');
INSERT INTO `xx_jbxx` VALUES ('349e1659835c4c43b015f50dbb63529b', '2141012389', '叶县洪庄杨乡裴昌小学', NULL, '洪庄杨镇裴昌庙村', NULL, '220', '410422000000', '河南省平顶山市叶县教育局', '410422000000', '河南省平顶山市叶县教育局', '211', '111', '张广辉', NULL, '15938999718', NULL, NULL, NULL, NULL, NULL, NULL, NULL, NULL, NULL, NULL, NULL, NULL, NULL, NULL, NULL, NULL, NULL, NULL, NULL, 113, 33, NULL, NULL, NULL, NULL, NULL, NULL, NULL, NULL, NULL, NULL, NULL, NULL, '1', NULL, NULL, NULL, '7353', '20180627 17:13:17', '7353', '2019-01-28 19:30:12', NULL, NULL, '410422109000', '737');
INSERT INTO `xx_jbxx` VALUES ('3518f0315d7d4e568dade40d5c28b87e', '2141012980', '叶县仙台镇耙张学校', NULL, '叶县仙台镇耙张村', NULL, '122', '410422000000', '河南省平顶山市叶县教育局', '410422000000', '河南省平顶山市叶县教育局', '211', '111', '张丽宾', NULL, '8507003', NULL, NULL, NULL, NULL, NULL, NULL, NULL, NULL, NULL, NULL, NULL, NULL, NULL, NULL, NULL, NULL, NULL, NULL, NULL, 113, 33, NULL, NULL, NULL, NULL, NULL, NULL, NULL, NULL, NULL, NULL, NULL, NULL, '1', NULL, NULL, NULL, '7353', '20180627 17:15:06', '7353', '2019-01-28 19:30:12', NULL, NULL, '410422103000', '803');
INSERT INTO `xx_jbxx` VALUES ('36df73408b724b29a4c838425f4b11fa', '2141018080', '叶县田庄乡张林庄小学', NULL, '河南省平顶山市叶县田庄乡张林庄村委会  ', NULL, '220', '410422000000', '河南省平顶山市叶县教育局', '410422000000', '河南省平顶山市叶县教育局', '218', '111', '湛爱敏', NULL, '13503415959', NULL, NULL, NULL, NULL, NULL, NULL, NULL, NULL, NULL, NULL, NULL, NULL, NULL, NULL, NULL, NULL, NULL, NULL, NULL, 113, 33, NULL, NULL, NULL, NULL, NULL, NULL, NULL, NULL, NULL, NULL, NULL, NULL, '1', NULL, NULL, NULL, '7253', '20180627 15:41:10', '7253', '2019-01-28 19:30:12', NULL, NULL, '410422204000', '686');
INSERT INTO `xx_jbxx` VALUES ('38efe503c5f24c7fbc8ee0be1fec3012', '2141004586', '叶县龙泉武庄小学', NULL, '叶县龙泉乡武庄村', NULL, '220', '410422000000', '河南省平顶山市叶县教育局', '410422000000', '河南省平顶山市叶县教育局', '211', '111', '万亮锋', NULL, '8538206', NULL, NULL, NULL, NULL, NULL, NULL, NULL, NULL, NULL, NULL, NULL, NULL, NULL, NULL, NULL, NULL, NULL, NULL, NULL, 113, 33, NULL, NULL, NULL, NULL, NULL, NULL, NULL, NULL, NULL, NULL, NULL, NULL, '1', NULL, NULL, NULL, '7254', '20180626 20:30:49', '7254', '2019-01-28 19:30:12', NULL, NULL, '410422207000', '369');
INSERT INTO `xx_jbxx` VALUES ('3931e426d2c442f68c43e55ca62b566d', '2141010603', '叶县马庄回族乡育才回族小学', NULL, '叶县马庄乡李庄村', NULL, '112', '410422000000', '河南省平顶山市叶县教育局', '410422000000', '河南省平顶山市叶县教育局', '211', '111', '李冠欣', NULL, '8709355', NULL, NULL, NULL, NULL, NULL, NULL, NULL, NULL, NULL, NULL, NULL, NULL, NULL, NULL, NULL, NULL, NULL, NULL, NULL, 113, 33, NULL, NULL, NULL, NULL, NULL, NULL, NULL, NULL, NULL, NULL, NULL, NULL, '1', NULL, NULL, NULL, '7353', '20180627 17:14:30', '7353', '2019-01-28 19:30:12', NULL, NULL, '410422203000', '784');
INSERT INTO `xx_jbxx` VALUES ('39c4ca89e4e4421fb7ac69be1cca9c00', '2141015493', '叶县田庄乡田庄村小学', NULL, '河南省平顶山市叶县田庄乡田庄村委会', NULL, '210', '410422000000', '河南省平顶山市叶县教育局', '410422000000', '河南省平顶山市叶县教育局', '211', '111', '王佩', NULL, '8730122', NULL, NULL, NULL, NULL, NULL, NULL, NULL, NULL, NULL, NULL, NULL, NULL, NULL, NULL, NULL, NULL, NULL, NULL, NULL, 113, 33, NULL, NULL, NULL, NULL, NULL, NULL, NULL, NULL, NULL, NULL, NULL, NULL, '1', NULL, NULL, NULL, '7254', '20180627 10:56:39', '7254', '2019-01-28 19:30:12', NULL, NULL, '410422204000', '476');
INSERT INTO `xx_jbxx` VALUES ('3b9195c2ab9d4ae6a2fb9756417a30d7', '2141007152', '叶县夏李乡夏李街小学', NULL, '河南省平顶山市叶县夏李乡夏南村', NULL, '210', '410422000000', '河南省平顶山市叶县教育局', '410422000000', '河南省平顶山市叶县教育局', '211', '111', '闫素玉', NULL, '8754511', NULL, NULL, NULL, NULL, NULL, NULL, NULL, NULL, NULL, NULL, NULL, NULL, NULL, NULL, NULL, NULL, NULL, NULL, NULL, 113, 33, NULL, NULL, NULL, NULL, NULL, NULL, NULL, NULL, NULL, NULL, NULL, NULL, '1', NULL, NULL, NULL, '7254', '20180627 09:25:34', '7254', '2019-01-28 19:30:12', NULL, NULL, '410422201000', '392');
INSERT INTO `xx_jbxx` VALUES ('3c2b58f5552240a295601b70cfca4c15', '2141026643', '叶县邓李乡中彭学校', NULL, '叶县邓李乡中彭村', NULL, '220', '410422000000', '河南省平顶山市叶县教育局', '410422000000', '河南省平顶山市叶县教育局', '218', '111', '彭国成', NULL, '8625016', NULL, NULL, NULL, NULL, NULL, NULL, NULL, NULL, NULL, NULL, NULL, NULL, NULL, NULL, NULL, NULL, NULL, NULL, NULL, 113, 33, NULL, NULL, NULL, NULL, NULL, NULL, NULL, NULL, NULL, NULL, NULL, NULL, '1', NULL, NULL, NULL, '7253', '20180627 14:28:24', '7253', '2019-01-28 19:30:12', NULL, NULL, '410422210000', '490');
INSERT INTO `xx_jbxx` VALUES ('3c62aef3c5a440c3ab6fdc33d3714f48', '2141015507', '叶县田庄乡东李村小学', NULL, '河南省平顶山市叶县田庄乡东李村委会', NULL, '122', '410422000000', '河南省平顶山市叶县教育局', '410422000000', '河南省平顶山市叶县教育局', '211', '111', '拜军伟', NULL, '13703402976', NULL, NULL, NULL, NULL, NULL, NULL, NULL, NULL, NULL, NULL, NULL, NULL, NULL, NULL, NULL, NULL, NULL, NULL, NULL, 113, 33, NULL, NULL, NULL, NULL, NULL, NULL, NULL, NULL, NULL, NULL, NULL, NULL, '1', NULL, NULL, NULL, '7254', '20180627 11:31:30', '7254', '2019-01-28 19:30:12', NULL, NULL, '410422204000', '480');
INSERT INTO `xx_jbxx` VALUES ('3d66fa7337d645e8b5e835dc1c52a67c', '2141005924', '叶县叶邑镇毛庄小学', NULL, '叶县叶邑镇毛庄村', NULL, '220', '410422000000', '河南省平顶山市叶县教育局', '410422000000', '河南省平顶山市叶县教育局', '211', '111', '王留义', NULL, '7275959', NULL, NULL, NULL, NULL, NULL, NULL, NULL, NULL, NULL, NULL, NULL, NULL, NULL, NULL, NULL, NULL, NULL, NULL, NULL, 113, 33, NULL, NULL, NULL, NULL, NULL, NULL, NULL, NULL, NULL, NULL, NULL, NULL, '1', NULL, NULL, NULL, '7254', '20180627 14:44:38', '7254', '2019-01-28 19:30:12', NULL, NULL, '410422105000', '644');
INSERT INTO `xx_jbxx` VALUES ('3e7eda244c4b4642a50862a07f6d31ef', '2141010098', '叶县辛店镇铁佛寺小学', NULL, '叶县辛店镇铁佛寺村', NULL, '220', '410422000000', '河南省平顶山市叶县教育局', '410422000000', '河南省平顶山市叶县教育局', '218', '111', '赵印亭', NULL, '8848658', NULL, NULL, NULL, NULL, NULL, NULL, NULL, NULL, NULL, NULL, NULL, NULL, NULL, NULL, NULL, NULL, NULL, NULL, NULL, 113, 33, NULL, NULL, NULL, NULL, NULL, NULL, NULL, NULL, NULL, NULL, NULL, NULL, '1', NULL, NULL, NULL, '7254', '20180627 10:50:53', '7254', '2019-01-28 19:30:12', NULL, NULL, '410422108000', '466');
INSERT INTO `xx_jbxx` VALUES ('3ff078e6148e4671b509af185e7db483', '2141007453', '叶县任店镇新营小学', NULL, '叶县任店镇新营村', NULL, '220', '410422000000', '河南省平顶山市叶县教育局', '410422000000', '河南省平顶山市叶县教育局', '218', '111', '李二芝', NULL, '8682034', NULL, NULL, NULL, NULL, NULL, NULL, NULL, NULL, NULL, NULL, NULL, NULL, NULL, NULL, NULL, NULL, NULL, NULL, NULL, 113, 33, NULL, NULL, NULL, NULL, NULL, NULL, NULL, NULL, NULL, NULL, NULL, NULL, '1', NULL, NULL, NULL, '7254', '20180627 09:28:11', '7254', '2019-01-28 19:30:12', NULL, NULL, '410422101000', '394');
INSERT INTO `xx_jbxx` VALUES ('40af0035199a4713a5d12fc2b6780bcb', '412202121', '测试学校003', NULL, '你心里', NULL, '210', '410422000000', '河南省平顶山市叶县教育局', '410422000000', '河南省平顶山市叶县教育局', '211', '999', '更新', NULL, '6012456', NULL, NULL, NULL, NULL, NULL, NULL, NULL, NULL, NULL, NULL, NULL, NULL, NULL, NULL, NULL, NULL, NULL, NULL, NULL, 113, 33, NULL, NULL, NULL, NULL, NULL, NULL, NULL, NULL, NULL, NULL, NULL, NULL, '1', NULL, NULL, NULL, '7258', '20180607 15:01:00', '20001', '2019-01-28 19:30:12', NULL, '<p>\n	叶县高中创建于1956年，是河南省文明单位、<a target=\"_blank\" href=\"https://baike.baidu.com/item/%E6%B2%B3%E5%8D%97%E7%9C%81%E7%A4%BA%E8%8C%83%E6%80%A7%E6%99%AE%E9%80%9A%E9%AB%98%E4%B8%AD\">河南省示范性普通高中</a>、河南省园林单位、河南省人民政府授予的教育先进单位。学校位于古城昆阳西南，灰河之滨，北校区占地面积280亩，南校区占地面积150亩，建筑面积30万余平方米，建筑格局合理，教学设施先进。有高标准教学楼、实验楼、图书楼、学生公寓、教师公寓等；有标准田径场、足球场；有一流的实验室、多媒体教室、电子备课室。教室全部配备有<a target=\"_blank\" href=\"https://baike.baidu.com/item/%E9%97%AD%E8%B7%AF%E7%94%B5%E8%A7%86/784718\">闭路电视</a>系统、多媒体教学设备等。任课教师配备了笔记本电脑，学校建立了网络中心，基本实现了办公和教学手段的现代化。\n</p>\n<p>\n	<img src=\"/xxfzgl/xxfzgl/common/commonFile.do?method=getImgFile=20181116154014831.jpg\" alt=\"\" />\n</p>\n<p>\n	学校坚持“以人为本、以德治校、民生管理、开放办学”的教育理念。以“师资一流、设施一流、服务一流、环境一流、质量一流”为目标，形成了“全员管理、全面发展”的管理模式；秉承”自强不息、厚德载物”的校训和”博学、勤勉、求实、创新”的学风,全面贯彻党的教育方针。积极推进素质教育，突出能力培养为核心的育人思路，全面提高学生综合素质。改革开放以来，先后为国家培养出13000多名高中毕业生，升入高等院校学生11000余人，有33人考取清华、北大，900多人获硕士学位，600余人取得博士学位，400多人出国深造，历年来，高考成绩一直居全市领先地位。\n</p>\n<p>\n	<br />\n</p>\n<p>\n	<img src=\"http://127.0.0.1:8080/xxfzgl/xxfzgl/common/commonFile.do?method=getImgFile=20181116091051555.jpg\" alt=\"\" /> \n</p>\n<p>\n	<img src=\"http://127.0.0.1:8080/xxfzgl/xxfzgl/common/commonFile.do?method=getImgFile=20181116091018321.jpg\" alt=\"\" /> \n</p>', '410422002000', '303');
INSERT INTO `xx_jbxx` VALUES ('4158ecdde4df494eb16a60e24598bea1', '2141015222', '叶县任店镇月庄小学', NULL, '叶县任店镇月庄村', NULL, '220', '410422000000', '河南省平顶山市叶县教育局', '410422000000', '河南省平顶山市叶县教育局', '218', '111', '郭宗林', NULL, '8682034', NULL, NULL, NULL, NULL, NULL, NULL, NULL, NULL, NULL, NULL, NULL, NULL, NULL, NULL, NULL, NULL, NULL, NULL, NULL, 113, 33, NULL, NULL, NULL, NULL, NULL, NULL, NULL, NULL, NULL, NULL, NULL, NULL, '1', NULL, NULL, NULL, '7353', '20180627 17:14:49', '7353', '2019-01-28 19:30:12', NULL, NULL, '410422101000', '799');
INSERT INTO `xx_jbxx` VALUES ('430d33a5c6064ed2bfb348bc6a4d550f', '2141007135', '叶县夏李乡小集小学', NULL, '河南省平顶山市叶县夏李乡小集村', NULL, '220', '410422000000', '河南省平顶山市叶县教育局', '410422000000', '河南省平顶山市叶县教育局', '218', '111', '石守奎', NULL, '8754511', NULL, NULL, NULL, NULL, NULL, NULL, NULL, NULL, NULL, NULL, NULL, NULL, NULL, NULL, NULL, NULL, NULL, NULL, NULL, 113, 33, NULL, NULL, NULL, NULL, NULL, NULL, NULL, NULL, NULL, NULL, NULL, NULL, '1', NULL, NULL, NULL, '7254', '20180626 20:58:18', '7254', '2019-01-28 19:30:12', NULL, NULL, '410422201000', '343');
INSERT INTO `xx_jbxx` VALUES ('4372e0225eaf4ab69405287783a9f560', '2141004381', '叶县昆阳镇第四小学', NULL, '叶县广场路南段西侧', NULL, '121', '410422000000', '河南省平顶山市叶县教育局', '410422000000', '河南省平顶山市叶县教育局', '211', '111', '宋强', NULL, '3315600', NULL, NULL, NULL, NULL, NULL, NULL, NULL, NULL, NULL, NULL, NULL, NULL, NULL, NULL, NULL, NULL, NULL, NULL, NULL, 113, 33, NULL, NULL, NULL, NULL, NULL, NULL, NULL, NULL, NULL, NULL, NULL, NULL, '1', NULL, NULL, NULL, '7254', '20180626 20:19:03', '7254', '2019-01-28 19:30:11', NULL, NULL, '410422002000', '305');
INSERT INTO `xx_jbxx` VALUES ('43754235c39b4e4680e6fc9434acca84', '2141012981', '叶县仙台镇辛堂学校', NULL, '叶县仙台镇辛堂村', NULL, '220', '410422000000', '河南省平顶山市叶县教育局', '410422000000', '河南省平顶山市叶县教育局', '211', '111', '黄向辉', NULL, '8507003', NULL, NULL, NULL, NULL, NULL, NULL, NULL, NULL, NULL, NULL, NULL, NULL, NULL, NULL, NULL, NULL, NULL, NULL, NULL, 113, 33, NULL, NULL, NULL, NULL, NULL, NULL, NULL, NULL, NULL, NULL, NULL, NULL, '1', NULL, NULL, NULL, '7353', '20180627 17:15:06', '7353', '2019-01-28 19:30:12', NULL, NULL, '410422103000', '804');
INSERT INTO `xx_jbxx` VALUES ('4442a15ef21247bdabed39469eb0d1c8', '2141004602', '叶县龙泉大河庄小学', NULL, '叶县龙泉大何庄村', NULL, '220', '410422000000', '河南省平顶山市叶县教育局', '410422000000', '河南省平顶山市叶县教育局', '211', '111', '程俊五', NULL, '8538206', NULL, NULL, NULL, NULL, NULL, NULL, NULL, NULL, NULL, NULL, NULL, NULL, NULL, NULL, NULL, NULL, NULL, NULL, NULL, 113, 33, NULL, NULL, NULL, NULL, NULL, NULL, NULL, NULL, NULL, NULL, NULL, NULL, '1', NULL, NULL, NULL, '7254', '20180626 20:35:24', '7254', '2019-01-28 19:30:11', NULL, NULL, '410422207000', '314');
INSERT INTO `xx_jbxx` VALUES ('44763d87e88745ab95cc842bfe123fa2', '2141015198', '叶县任店镇寺东小学', NULL, '叶县任店镇寺东村', NULL, '122', '410422000000', '河南省平顶山市叶县教育局', '410422000000', '河南省平顶山市叶县教育局', '211', '111', '马中义', NULL, '8682034', NULL, NULL, NULL, NULL, NULL, NULL, NULL, NULL, NULL, NULL, NULL, NULL, NULL, NULL, NULL, NULL, NULL, NULL, NULL, 113, 33, NULL, NULL, NULL, NULL, NULL, NULL, NULL, NULL, NULL, NULL, NULL, NULL, '1', NULL, NULL, NULL, '7353', '20180627 17:14:49', '7353', '2019-01-28 19:30:12', NULL, NULL, '410422101000', '798');
INSERT INTO `xx_jbxx` VALUES ('448162b3d9e04b03a5592345651f44d0', '2141012489', '叶县洪庄杨乡实验小学', NULL, '洪庄杨乡洛岗村', NULL, '220', '410422000000', '河南省平顶山市叶县教育局', '410422000000', '河南省平顶山市叶县教育局', '211', '111', '吕克佳', NULL, '13937598882', NULL, NULL, NULL, NULL, NULL, NULL, NULL, NULL, NULL, NULL, NULL, NULL, NULL, NULL, NULL, NULL, NULL, NULL, NULL, 113, 33, NULL, NULL, NULL, NULL, NULL, NULL, NULL, NULL, NULL, NULL, NULL, NULL, '1', NULL, NULL, NULL, '7353', '20180627 17:13:19', '7353', '2019-01-28 19:30:12', NULL, NULL, '410422109000', '745');
INSERT INTO `xx_jbxx` VALUES ('44f220008ed243cdbf7784ebcea31a28', '2141011505', '叶县廉村镇王三寨小学', NULL, '叶县廉村镇王三寨村', NULL, '220', '410422000000', '河南省平顶山市叶县教育局', '410422000000', '河南省平顶山市叶县教育局', '218', '111', '路艳峰', NULL, '8555168', NULL, NULL, NULL, NULL, NULL, NULL, NULL, NULL, NULL, NULL, NULL, NULL, NULL, NULL, NULL, NULL, NULL, NULL, NULL, 113, 33, NULL, NULL, NULL, NULL, NULL, NULL, NULL, NULL, NULL, NULL, NULL, NULL, '1', NULL, NULL, NULL, '7353', '20180627 17:14:15', '7353', '2019-01-28 19:30:12', NULL, NULL, '410422106000', '775');
INSERT INTO `xx_jbxx` VALUES ('4575907b19af41d3ba93157d9b650b6a', '2141011518', '叶县廉村镇廉村学校任庄教学点', NULL, '叶县廉村镇任庄村', NULL, '220', '410422000000', '河南省平顶山市叶县教育局', '410422000000', '河南省平顶山市叶县教育局', '218', '111', '王长海', NULL, '13693757629', NULL, NULL, NULL, NULL, NULL, NULL, NULL, NULL, NULL, NULL, NULL, NULL, NULL, NULL, NULL, NULL, NULL, NULL, NULL, 113, 33, NULL, NULL, NULL, NULL, NULL, NULL, NULL, NULL, NULL, NULL, NULL, NULL, '1', NULL, NULL, NULL, '7353', '20180627 17:14:16', '7353', '2019-01-28 19:30:12', NULL, NULL, '410422106000', '776');
INSERT INTO `xx_jbxx` VALUES ('45ef5f343e1b4495bf81f5f43799ebe2', '2141011825', '叶县城关乡陈庄小学', NULL, '河南省平顶山市叶县城关乡陈庄村', NULL, '220', '410422000000', '河南省平顶山市叶县教育局', '410422000000', '河南省平顶山市叶县教育局', '211', '111', '张献超', NULL, '8057082', NULL, NULL, NULL, NULL, NULL, NULL, NULL, NULL, NULL, NULL, NULL, NULL, NULL, NULL, NULL, NULL, NULL, NULL, NULL, 113, 33, NULL, NULL, NULL, NULL, NULL, NULL, NULL, NULL, NULL, NULL, NULL, NULL, '1', NULL, NULL, NULL, '7353', '20180627 17:13:53', '7353', '2019-01-28 19:30:12', NULL, NULL, '410422002000', '754');
INSERT INTO `xx_jbxx` VALUES ('460998e8fd73441ba9cc336841078a8d', '2141009324', '叶县水寨乡伍刘学校', NULL, '叶县水寨乡伍刘村', NULL, '220', '410422000000', '河南省平顶山市叶县教育局', '410422000000', '河南省平顶山市叶县教育局', '218', '111', '刘伟强', NULL, '8598121', NULL, NULL, NULL, NULL, NULL, NULL, NULL, NULL, NULL, NULL, NULL, NULL, NULL, NULL, NULL, NULL, NULL, NULL, NULL, 113, 33, NULL, NULL, NULL, NULL, NULL, NULL, NULL, NULL, NULL, NULL, NULL, NULL, '1', NULL, NULL, NULL, '7254', '20180627 10:24:33', '7254', '2019-01-28 19:30:12', NULL, NULL, '410422208000', '439');
INSERT INTO `xx_jbxx` VALUES ('460baea632674c989a5824c76863f0de', '2141004608', '叶县龙泉娄凡小学', NULL, '叶县龙泉乡娄凡村', NULL, '220', '410422000000', '河南省平顶山市叶县教育局', '410422000000', '河南省平顶山市叶县教育局', '211', '111', '张新奇', NULL, '8538206', NULL, NULL, NULL, NULL, NULL, NULL, NULL, NULL, NULL, NULL, NULL, NULL, NULL, NULL, NULL, NULL, NULL, NULL, NULL, 113, 33, NULL, NULL, NULL, NULL, NULL, NULL, NULL, NULL, NULL, NULL, NULL, NULL, '1', NULL, NULL, NULL, '7254', '20180626 20:39:03', '7254', '2019-01-28 19:30:12', NULL, NULL, '410422207000', '322');
INSERT INTO `xx_jbxx` VALUES ('47f9127d399b4b9c83314c01005ce700', '2141012352', '叶县洪庄杨乡中心小学', NULL, '叶县洪庄杨乡洪西村', NULL, '121', '410422000000', '河南省平顶山市叶县教育局', '410422000000', '河南省平顶山市叶县教育局', '211', '111', '程亚兵', NULL, '13783206927', NULL, NULL, NULL, NULL, NULL, NULL, NULL, NULL, NULL, NULL, NULL, NULL, NULL, NULL, NULL, NULL, NULL, NULL, NULL, 113, 33, NULL, NULL, NULL, NULL, NULL, NULL, NULL, NULL, NULL, NULL, NULL, NULL, '1', NULL, NULL, NULL, '7353', '20180627 17:13:16', '7353', '2019-01-28 19:30:12', NULL, NULL, '410422109000', '734');
INSERT INTO `xx_jbxx` VALUES ('485b0b08c52b462aa1490157ba50ce34', '3141000340', '叶县昆阳镇中学', NULL, '叶县昆阳镇北关闸西路1号院', NULL, '122', '410422000000', '河南省平顶山市叶县教育局', '410422000000', '河南省平顶山市叶县教育局', '311', '111', '吴天波', NULL, '7052682', NULL, NULL, NULL, NULL, NULL, NULL, NULL, NULL, NULL, NULL, NULL, NULL, NULL, NULL, NULL, NULL, NULL, NULL, NULL, 113, 33, NULL, NULL, NULL, NULL, NULL, NULL, NULL, NULL, NULL, NULL, NULL, NULL, '1', NULL, NULL, NULL, '7253', '20180626 19:57:11', '7253', '2019-01-28 19:30:12', NULL, NULL, '410422001000', '318');
INSERT INTO `xx_jbxx` VALUES ('4a8f0e5f7ff045b8916f131f79afa777', '2141012428', '叶县洪庄杨乡观上小学', NULL, '叶县洪庄杨乡观上村', NULL, '220', '410422000000', '河南省平顶山市叶县教育局', '410422000000', '河南省平顶山市叶县教育局', '218', '111', '王松勤', NULL, '13703759276', NULL, NULL, NULL, NULL, NULL, NULL, NULL, NULL, NULL, NULL, NULL, NULL, NULL, NULL, NULL, NULL, NULL, NULL, NULL, 113, 33, NULL, NULL, NULL, NULL, NULL, NULL, NULL, NULL, NULL, NULL, NULL, NULL, '1', NULL, NULL, NULL, '7353', '20180627 17:13:18', '7353', '2019-01-28 19:30:12', NULL, NULL, '410422109000', '740');
INSERT INTO `xx_jbxx` VALUES ('4b996adf5022435a8388624aa7dbf15c', '2141020308', '叶县叶邑镇朱岗小学', NULL, '叶县叶邑镇朱岗村', NULL, '220', '410422000000', '河南省平顶山市叶县教育局', '410422000000', '河南省平顶山市叶县教育局', '218', '111', '韩冰', NULL, '7275959', NULL, NULL, NULL, NULL, NULL, NULL, NULL, NULL, NULL, NULL, NULL, NULL, NULL, NULL, NULL, NULL, NULL, NULL, NULL, 113, 33, NULL, NULL, NULL, NULL, NULL, NULL, NULL, NULL, NULL, NULL, NULL, NULL, '1', NULL, NULL, NULL, '7253', '20180627 16:13:12', '7253', '2019-01-28 19:30:12', NULL, NULL, '410422105000', '702');
INSERT INTO `xx_jbxx` VALUES ('4bc626932a8e415688ee6d188569c580', '2141010094', '叶县辛店镇岗底小学', NULL, '叶县辛店镇张寺滩村', NULL, '220', '410422000000', '河南省平顶山市叶县教育局', '410422000000', '河南省平顶山市叶县教育局', '211', '111', '吕广义', NULL, '8848658', NULL, NULL, NULL, NULL, NULL, NULL, NULL, NULL, NULL, NULL, NULL, NULL, NULL, NULL, NULL, NULL, NULL, NULL, NULL, 113, 33, NULL, NULL, NULL, NULL, NULL, NULL, NULL, NULL, NULL, NULL, NULL, NULL, '1', NULL, NULL, NULL, '7254', '20180627 10:49:48', '7254', '2019-01-28 19:30:12', NULL, NULL, '410422108000', '463');
INSERT INTO `xx_jbxx` VALUES ('4dadfb0b3670444692b038b5b3cbd0e6', '2141015258', '叶县任店镇双河营小学', NULL, '叶县任店镇双河营村', NULL, '122', '410422000000', '河南省平顶山市叶县教育局', '410422000000', '河南省平顶山市叶县教育局', '211', '111', '马娜', NULL, '8682034', NULL, NULL, NULL, NULL, NULL, NULL, NULL, NULL, NULL, NULL, NULL, NULL, NULL, NULL, NULL, NULL, NULL, NULL, NULL, 113, 33, NULL, NULL, NULL, NULL, NULL, NULL, NULL, NULL, NULL, NULL, NULL, NULL, '1', NULL, NULL, NULL, '7353', '20180627 17:14:50', '7353', '2019-01-28 19:30:12', NULL, NULL, '410422101000', '802');
INSERT INTO `xx_jbxx` VALUES ('4f3eb93e351e4aefb3e87c09dde415b8', '2141021509', '叶县城关乡张圪垱小学', NULL, '叶县城关乡张圪垱村', NULL, '220', '410422000000', '河南省平顶山市叶县教育局', '410422000000', '河南省平顶山市叶县教育局', '211', '111', '张东阳', NULL, '8057082', NULL, NULL, NULL, NULL, NULL, NULL, NULL, NULL, NULL, NULL, NULL, NULL, NULL, NULL, NULL, NULL, NULL, NULL, NULL, 113, 33, NULL, NULL, NULL, NULL, NULL, NULL, NULL, NULL, NULL, NULL, NULL, NULL, '1', NULL, NULL, NULL, '7253', '20180627 16:47:45', '7253', '2019-01-28 19:30:12', NULL, NULL, '410422001000', '706');
INSERT INTO `xx_jbxx` VALUES ('4fd3ace6d67d4a39bb84b41f1ef784dc', '2141015178', '叶县任店镇利民小学', NULL, '平顶山市叶县任店镇瓦店村', NULL, '220', '410422000000', '河南省平顶山市叶县教育局', '410422000000', '河南省平顶山市叶县教育局', '211', '111', '王红恩', NULL, '7090588', NULL, NULL, NULL, NULL, NULL, NULL, NULL, NULL, NULL, NULL, NULL, NULL, NULL, NULL, NULL, NULL, NULL, NULL, NULL, 113, 33, NULL, NULL, NULL, NULL, NULL, NULL, NULL, NULL, NULL, NULL, NULL, NULL, '1', NULL, NULL, NULL, '7353', '20180627 17:14:48', '7353', '2019-01-28 19:30:12', NULL, NULL, '410422101000', '796');
INSERT INTO `xx_jbxx` VALUES ('5081317c55284347a74dfe25a8d784f9', '2141024040', '叶县龙泉乡龙腾双语学校', NULL, '叶县龙泉乡蔡庄村', NULL, '220', '410422000000', '河南省平顶山市叶县教育局', '410422000000', '河南省平顶山市叶县教育局', '211', '111', '黄霞', NULL, '8538206', NULL, NULL, NULL, NULL, NULL, NULL, NULL, NULL, NULL, NULL, NULL, NULL, NULL, NULL, NULL, NULL, NULL, NULL, NULL, 113, 33, NULL, NULL, NULL, NULL, NULL, NULL, NULL, NULL, NULL, NULL, NULL, NULL, '1', NULL, NULL, NULL, '7253', '20180627 15:09:26', '7253', '2019-01-28 19:30:12', NULL, NULL, '410422207000', '663');
INSERT INTO `xx_jbxx` VALUES ('50bcec7fa8f74cf2a8043a70f68d29fc', '2141026925', '叶县洪庄杨乡唐马小学', NULL, '洪庄杨乡唐马村', NULL, '220', '410422000000', '河南省平顶山市叶县教育局', '410422000000', '河南省平顶山市叶县教育局', '218', '111', '杜晓娜', NULL, '15737587828', NULL, NULL, NULL, NULL, NULL, NULL, NULL, NULL, NULL, NULL, NULL, NULL, NULL, NULL, NULL, NULL, NULL, NULL, NULL, 113, 33, NULL, NULL, NULL, NULL, NULL, NULL, NULL, NULL, NULL, NULL, NULL, NULL, '1', NULL, NULL, NULL, '7253', '20180627 14:54:25', '7253', '2019-01-28 19:30:12', NULL, NULL, '410422109000', '655');
INSERT INTO `xx_jbxx` VALUES ('5238f50d4271441daecec2fd30914300', '2141007392', '叶县田庄乡孙娄庄村小学', NULL, '河南省平顶山市叶县田庄乡孙娄庄村委会', NULL, '122', '410422000000', '河南省平顶山市叶县教育局', '410422000000', '河南省平顶山市叶县教育局', '218', '111', '宋振方', NULL, '13503759313', NULL, NULL, NULL, NULL, NULL, NULL, NULL, NULL, NULL, NULL, NULL, NULL, NULL, NULL, NULL, NULL, NULL, NULL, NULL, 113, 33, NULL, NULL, NULL, NULL, NULL, NULL, NULL, NULL, NULL, NULL, NULL, NULL, '1', NULL, NULL, NULL, '7254', '20180627 09:27:08', '7254', '2019-01-28 19:30:12', NULL, NULL, '410422204000', '393');
INSERT INTO `xx_jbxx` VALUES ('524016d01b2149efaf6a42a542110488', '2141015958', '叶县常村镇实验学校', NULL, '叶县常村镇常村村', NULL, '122', '410422000000', '河南省平顶山市叶县教育局', '410422000000', '河南省平顶山市叶县教育局', '211', '111', '毛献成', NULL, '8788568', NULL, NULL, NULL, NULL, NULL, NULL, NULL, NULL, NULL, NULL, NULL, NULL, NULL, NULL, NULL, NULL, NULL, NULL, NULL, 113, 33, NULL, NULL, NULL, NULL, NULL, NULL, NULL, NULL, NULL, NULL, NULL, NULL, '1', NULL, NULL, NULL, '7253', '20180627 09:52:44', '7253', '2019-01-28 19:30:12', NULL, NULL, '410422107000', '419');
INSERT INTO `xx_jbxx` VALUES ('5481d47950694252b57acbedf0c1be04', '2141010150', '叶县辛店镇小学柿元教学点', NULL, '叶县辛店镇柿园村', NULL, '220', '410422000000', '河南省平顶山市叶县教育局', '410422000000', '河南省平顶山市叶县教育局', '218', '111', '杨海笑', NULL, '8848658', NULL, NULL, NULL, NULL, NULL, NULL, NULL, NULL, NULL, NULL, NULL, NULL, NULL, NULL, NULL, NULL, NULL, NULL, NULL, 113, 33, NULL, NULL, NULL, NULL, NULL, NULL, NULL, NULL, NULL, NULL, NULL, NULL, '1', NULL, NULL, NULL, '7353', '20180627 17:15:32', '7353', '2019-01-28 19:30:12', NULL, NULL, '410422108000', '827');
INSERT INTO `xx_jbxx` VALUES ('55245c25a4fc4cd79df39f1c84ec6b9a', '2141010080', '叶县辛店镇赵寨小学', NULL, '叶县辛店镇赵寨村', NULL, '220', '410422000000', '河南省平顶山市叶县教育局', '410422000000', '河南省平顶山市叶县教育局', '211', '111', '范彩红', NULL, '8848658', NULL, NULL, NULL, NULL, NULL, NULL, NULL, NULL, NULL, NULL, NULL, NULL, NULL, NULL, NULL, NULL, NULL, NULL, NULL, 113, 33, NULL, NULL, NULL, NULL, NULL, NULL, NULL, NULL, NULL, NULL, NULL, NULL, '1', NULL, NULL, NULL, '7254', '20180627 10:45:17', '7254', '2019-01-28 19:30:12', NULL, NULL, '410422108000', '460');
INSERT INTO `xx_jbxx` VALUES ('5626f7c2bbee44fd94caf33705c66c0b', '2141012557', '叶县廉村镇姚王小学', NULL, '叶县廉村镇姚王村', NULL, '122', '410422000000', '河南省平顶山市叶县教育局', '410422000000', '河南省平顶山市叶县教育局', '218', '111', '沈利苹', NULL, '8556407', NULL, NULL, NULL, NULL, NULL, NULL, NULL, NULL, NULL, NULL, NULL, NULL, NULL, NULL, NULL, NULL, NULL, NULL, NULL, 113, 33, NULL, NULL, NULL, NULL, NULL, NULL, NULL, NULL, NULL, NULL, NULL, NULL, '1', NULL, NULL, NULL, '7353', '20180627 17:14:16', '7353', '2019-01-28 19:30:12', NULL, NULL, '410422106000', '778');
INSERT INTO `xx_jbxx` VALUES ('56f37998169c4de5b8a3b93c6b0721b3', '2141009317', '叶县水寨乡只吴学校', NULL, '叶县水寨乡只吴村', NULL, '220', '410422000000', '河南省平顶山市叶县教育局', '410422000000', '河南省平顶山市叶县教育局', '211', '111', '侯红毫', NULL, '8598121', NULL, NULL, NULL, NULL, NULL, NULL, NULL, NULL, NULL, NULL, NULL, NULL, NULL, NULL, NULL, NULL, NULL, NULL, NULL, 113, 33, NULL, NULL, NULL, NULL, NULL, NULL, NULL, NULL, NULL, NULL, NULL, NULL, '1', NULL, NULL, NULL, '7254', '20180627 10:23:04', '7254', '2019-01-28 19:30:12', NULL, NULL, '410422208000', '437');
INSERT INTO `xx_jbxx` VALUES ('57155f8ce11a4b2099e22a53d8dc423f', '2141004574', '叶县龙泉年张小学', NULL, '叶县龙泉乡年张村', NULL, '220', '410422000000', '河南省平顶山市叶县教育局', '410422000000', '河南省平顶山市叶县教育局', '211', '111', '李安源', NULL, '8538206', NULL, NULL, NULL, NULL, NULL, NULL, NULL, NULL, NULL, NULL, NULL, NULL, NULL, NULL, NULL, NULL, NULL, NULL, NULL, 113, 33, NULL, NULL, NULL, NULL, NULL, NULL, NULL, NULL, NULL, NULL, NULL, NULL, '1', NULL, NULL, NULL, '7254', '20180626 20:27:43', '7254', '2019-01-28 19:30:12', NULL, NULL, '410422207000', '364');
INSERT INTO `xx_jbxx` VALUES ('571e8c83d28d48399dfaaefc0e0b7863', '3141000362', '叶县任店镇初级中学', NULL, '河南省平顶山市叶县任店镇中心街北段', NULL, '122', '410422000000', '河南省平顶山市叶县教育局', '410422000000', '河南省平顶山市叶县教育局', '311', '111', '吕振有', NULL, '8682034', NULL, NULL, NULL, NULL, NULL, NULL, NULL, NULL, NULL, NULL, NULL, NULL, NULL, NULL, NULL, NULL, NULL, NULL, NULL, 113, 33, NULL, NULL, NULL, NULL, NULL, NULL, NULL, NULL, NULL, NULL, NULL, NULL, '1', NULL, NULL, NULL, '7253', '20180626 20:13:37', '7253', '2019-01-28 19:30:11', NULL, NULL, '410422101000', '359');
INSERT INTO `xx_jbxx` VALUES ('572f07c123924a40a057788f6c7a3077', '2141008330', '叶县保安镇下元小学', NULL, '叶县保安镇下元村', NULL, '220', '410422000000', '河南省平顶山市叶县教育局', '410422000000', '河南省平顶山市叶县教育局', '211', '111', '魏军浩', NULL, '8829818', NULL, NULL, NULL, NULL, NULL, NULL, NULL, NULL, NULL, NULL, NULL, NULL, NULL, NULL, NULL, NULL, NULL, NULL, NULL, 113, 33, NULL, NULL, NULL, NULL, NULL, NULL, NULL, NULL, NULL, NULL, NULL, NULL, '1', NULL, NULL, NULL, '7254', '20180627 09:39:09', '7254', '2019-01-28 19:30:12', NULL, NULL, '410422102000', '399');
INSERT INTO `xx_jbxx` VALUES ('57971f22b39e4468ba262d844f151926', '2141007132', '叶县夏李乡董湖小学', NULL, '河南省平顶山市叶县夏李乡董湖村', NULL, '220', '410422000000', '河南省平顶山市叶县教育局', '410422000000', '河南省平顶山市叶县教育局', '218', '111', '郭端伟', NULL, '8754511', NULL, NULL, NULL, NULL, NULL, NULL, NULL, NULL, NULL, NULL, NULL, NULL, NULL, NULL, NULL, NULL, NULL, NULL, NULL, 113, 33, NULL, NULL, NULL, NULL, NULL, NULL, NULL, NULL, NULL, NULL, NULL, NULL, '1', NULL, NULL, NULL, '7254', '20180626 20:57:48', '7254', '2019-01-28 19:30:12', NULL, NULL, '410422201000', '342');
INSERT INTO `xx_jbxx` VALUES ('57a036f1779041a9a8441362d85b27c9', '2141007146', '叶县夏李乡彦岭小学', NULL, '河南省平顶山市叶县夏李乡彦岭村', NULL, '220', '410422000000', '河南省平顶山市叶县教育局', '410422000000', '河南省平顶山市叶县教育局', '218', '111', '杨长见', NULL, '8754511', NULL, NULL, NULL, NULL, NULL, NULL, NULL, NULL, NULL, NULL, NULL, NULL, NULL, NULL, NULL, NULL, NULL, NULL, NULL, 113, 33, NULL, NULL, NULL, NULL, NULL, NULL, NULL, NULL, NULL, NULL, NULL, NULL, '1', NULL, NULL, NULL, '7254', '20180626 21:02:01', '7254', '2019-01-28 19:30:12', NULL, NULL, '410422201000', '347');
INSERT INTO `xx_jbxx` VALUES ('584d642c9ada4379b7754ce1d5b8f889', '2141008245', '叶县邓李乡实验学校', NULL, '叶县邓李乡邓李村', NULL, '210', '410422000000', '河南省平顶山市叶县教育局', '410422000000', '河南省平顶山市叶县教育局', '211', '111', '雷鸿涛', NULL, '8625016', NULL, NULL, NULL, NULL, NULL, NULL, NULL, NULL, NULL, NULL, NULL, NULL, NULL, NULL, NULL, NULL, NULL, NULL, NULL, 113, 33, NULL, NULL, NULL, NULL, NULL, NULL, NULL, NULL, NULL, NULL, NULL, NULL, '1', NULL, NULL, NULL, '7254', '20180627 09:36:21', '7254', '2019-01-28 19:30:12', NULL, NULL, '410422210000', '396');
INSERT INTO `xx_jbxx` VALUES ('58f9ea61827847439b84ca97b6787412', '2141025903', '叶县龚店乡水牛杜小学', NULL, '叶县龚店乡水牛杜村', NULL, '220', '410422000000', '河南省平顶山市叶县教育局', '410422000000', '河南省平顶山市叶县教育局', '211', '111', '张顺营', NULL, '7268256', NULL, NULL, NULL, NULL, NULL, NULL, NULL, NULL, NULL, NULL, NULL, NULL, NULL, NULL, NULL, NULL, NULL, NULL, NULL, 113, 33, NULL, NULL, NULL, NULL, NULL, NULL, NULL, NULL, NULL, NULL, NULL, NULL, '1', NULL, NULL, NULL, '7253', '20180627 14:42:55', '7253', '2019-01-28 19:30:12', NULL, NULL, '410422205000', '639');
INSERT INTO `xx_jbxx` VALUES ('598b19dde5ce41b1a817138d6fd97d70', '2141004757', '叶县龙泉乡铁张小学教学点', NULL, '叶县龙泉乡铁张村', NULL, '220', '410422000000', '河南省平顶山市叶县教育局', '410422000000', '河南省平顶山市叶县教育局', '218', '111', '马秋贞', NULL, '8538206', NULL, NULL, NULL, NULL, NULL, NULL, NULL, NULL, NULL, NULL, NULL, NULL, NULL, NULL, NULL, NULL, NULL, NULL, NULL, 113, 33, NULL, NULL, NULL, NULL, NULL, NULL, NULL, NULL, NULL, NULL, NULL, NULL, '1', NULL, NULL, NULL, '7254', '20180626 20:41:39', '7254', '2019-01-28 19:30:12', NULL, NULL, '410422207000', '327');
INSERT INTO `xx_jbxx` VALUES ('59ce9277568b443fac3460a2020828ef', '2141008438', '叶县保安镇文寨村小学', NULL, '叶县保安镇文寨村', NULL, '220', '410422000000', '河南省平顶山市叶县教育局', '410422000000', '河南省平顶山市叶县教育局', '218', '111', '岳盘', NULL, '8829818', NULL, NULL, NULL, NULL, NULL, NULL, NULL, NULL, NULL, NULL, NULL, NULL, NULL, NULL, NULL, NULL, NULL, NULL, NULL, 113, 33, NULL, NULL, NULL, NULL, NULL, NULL, NULL, NULL, NULL, NULL, NULL, NULL, '1', NULL, NULL, NULL, '7254', '20180627 09:43:13', '7254', '2019-01-28 19:30:12', NULL, NULL, '410422102000', '405');
INSERT INTO `xx_jbxx` VALUES ('5a3e6ab9823540abb5f9e9f084d05e46', '2141010138', '叶县辛店镇田寨小学竹元教学点', NULL, '叶县辛店镇大竹园村', NULL, '220', '410422000000', '河南省平顶山市叶县教育局', '410422000000', '河南省平顶山市叶县教育局', '218', '111', '仓士民', NULL, '8848658', NULL, NULL, NULL, NULL, NULL, NULL, NULL, NULL, NULL, NULL, NULL, NULL, NULL, NULL, NULL, NULL, NULL, NULL, NULL, 113, 33, NULL, NULL, NULL, NULL, NULL, NULL, NULL, NULL, NULL, NULL, NULL, NULL, '1', NULL, NULL, NULL, '7353', '20180627 17:15:31', '7353', '2019-01-28 19:30:12', NULL, NULL, '410422108000', '825');
INSERT INTO `xx_jbxx` VALUES ('5aefca6b023e4c00831692074d905869', '2141015946', '叶县常村镇金沟学校', NULL, '叶县常村镇金沟村', NULL, '220', '410422000000', '河南省平顶山市叶县教育局', '410422000000', '河南省平顶山市叶县教育局', '211', '111', '史书民', NULL, '8790089', NULL, NULL, NULL, NULL, NULL, NULL, NULL, NULL, NULL, NULL, NULL, NULL, NULL, NULL, NULL, NULL, NULL, NULL, NULL, 113, 33, NULL, NULL, NULL, NULL, NULL, NULL, NULL, NULL, NULL, NULL, NULL, NULL, '1', NULL, NULL, NULL, '7353', '20180627 17:12:24', '7353', '2019-01-28 19:30:12', NULL, NULL, '410422107000', '718');
INSERT INTO `xx_jbxx` VALUES ('5af9dd56409e4208aa70151a34655416', '2141015961', '叶县常村镇金沟学校金龙嘴教学点', NULL, '叶县常村镇金龙嘴村', NULL, '220', '410422000000', '河南省平顶山市叶县教育局', '410422000000', '河南省平顶山市叶县教育局', '218', '111', '史书民', NULL, '8790089', NULL, NULL, NULL, NULL, NULL, NULL, NULL, NULL, NULL, NULL, NULL, NULL, NULL, NULL, NULL, NULL, NULL, NULL, NULL, 113, 33, NULL, NULL, NULL, NULL, NULL, NULL, NULL, NULL, NULL, NULL, NULL, NULL, '1', NULL, NULL, NULL, '7253', '20180627 09:54:41', '7253', '2019-01-28 19:30:12', NULL, NULL, '410422107000', '422');
INSERT INTO `xx_jbxx` VALUES ('5ba526b44a1e4ab884dce16fc90122a1', '2141023727', '叶县夏李乡志远学校', NULL, '河南省平顶山市叶县夏李乡向阳村', NULL, '220', '410422000000', '河南省平顶山市叶县教育局', '410422000000', '河南省平顶山市叶县教育局', '211', '111', '典超', NULL, '8762369', NULL, NULL, NULL, NULL, NULL, NULL, NULL, NULL, NULL, NULL, NULL, NULL, NULL, NULL, NULL, NULL, NULL, NULL, NULL, 113, 33, NULL, NULL, NULL, NULL, NULL, NULL, NULL, NULL, NULL, NULL, NULL, NULL, '1', NULL, NULL, NULL, '7253', '20180627 15:55:05', '7253', '2019-01-28 19:30:12', NULL, NULL, '410422201000', '690');
INSERT INTO `xx_jbxx` VALUES ('5e5744e837584de6a28b0c711f5b8362', '2141015940', '叶县常村镇下马庄学校', NULL, '叶县常村镇下马庄村', NULL, '220', '410422000000', '河南省平顶山市叶县教育局', '410422000000', '河南省平顶山市叶县教育局', '211', '111', '贺聚良', NULL, '8790089', NULL, NULL, NULL, NULL, NULL, NULL, NULL, NULL, NULL, NULL, NULL, NULL, NULL, NULL, NULL, NULL, NULL, NULL, NULL, 113, 33, NULL, NULL, NULL, NULL, NULL, NULL, NULL, NULL, NULL, NULL, NULL, NULL, '1', NULL, NULL, NULL, '7353', '20180627 17:12:23', '7353', '2019-01-28 19:30:12', NULL, NULL, '410422107000', '714');
INSERT INTO `xx_jbxx` VALUES ('5f55beca2b01456e90efd42119d3517b', '2141015954', '叶县常村镇柳树王学校', NULL, '叶县常村镇柳树王村', NULL, '122', '410422000000', '河南省平顶山市叶县教育局', '410422000000', '河南省平顶山市叶县教育局', '211', '111', '陈新义', NULL, '8790089', NULL, NULL, NULL, NULL, NULL, NULL, NULL, NULL, NULL, NULL, NULL, NULL, NULL, NULL, NULL, NULL, NULL, NULL, NULL, 113, 33, NULL, NULL, NULL, NULL, NULL, NULL, NULL, NULL, NULL, NULL, NULL, NULL, '1', NULL, NULL, NULL, '7253', '20180627 09:50:27', '7253', '2019-01-28 19:30:12', NULL, NULL, '410422107000', '415');
INSERT INTO `xx_jbxx` VALUES ('60157efea3b04bca9493c801b21878cd', '2141004594', '叶县龙泉单营小学', NULL, '叶县龙泉乡单营村', NULL, '220', '410422000000', '河南省平顶山市叶县教育局', '410422000000', '河南省平顶山市叶县教育局', '218', '111', '段远新', NULL, '8538206', NULL, NULL, NULL, NULL, NULL, NULL, NULL, NULL, NULL, NULL, NULL, NULL, NULL, NULL, NULL, NULL, NULL, NULL, NULL, 113, 33, NULL, NULL, NULL, NULL, NULL, NULL, NULL, NULL, NULL, NULL, NULL, NULL, '1', NULL, NULL, NULL, '7254', '20180626 20:31:54', '7254', '2019-01-28 19:30:11', NULL, NULL, '410422207000', '308');
INSERT INTO `xx_jbxx` VALUES ('6129d182f0704a8dbff2822db4f91222', '2141015115', '叶县任店镇前营小学', NULL, '叶县任店镇前营村', NULL, '122', '410422000000', '河南省平顶山市叶县教育局', '410422000000', '河南省平顶山市叶县教育局', '211', '111', '禹永生', NULL, '86806888', NULL, NULL, NULL, NULL, NULL, NULL, NULL, NULL, NULL, NULL, NULL, NULL, NULL, NULL, NULL, NULL, NULL, NULL, NULL, 113, 33, NULL, NULL, NULL, NULL, NULL, NULL, NULL, NULL, NULL, NULL, NULL, NULL, '1', NULL, NULL, NULL, '7353', '20180627 17:14:47', '7353', '2019-01-28 19:30:12', NULL, NULL, '410422101000', '789');
INSERT INTO `xx_jbxx` VALUES ('617ffae33831416895db6bfe48b8acc2', '2141008505', '叶县保安镇花山吴小学', NULL, '叶县保安镇花山吴村', NULL, '220', '410422000000', '河南省平顶山市叶县教育局', '410422000000', '河南省平顶山市叶县教育局', '218', '111', '曹蕊平', NULL, '8829818', NULL, NULL, NULL, NULL, NULL, NULL, NULL, NULL, NULL, NULL, NULL, NULL, NULL, NULL, NULL, NULL, NULL, NULL, NULL, 113, 33, NULL, NULL, NULL, NULL, NULL, NULL, NULL, NULL, NULL, NULL, NULL, NULL, '1', NULL, NULL, NULL, '7254', '20180627 09:48:16', '7254', '2019-01-28 19:30:12', NULL, NULL, '410422102000', '411');
INSERT INTO `xx_jbxx` VALUES ('61c207df67b64b8f8b10057712dff146', '2141013183', '叶县常村镇爱心小学', NULL, '叶县常村镇客运站东', NULL, '112', '410422000000', '河南省平顶山市叶县教育局', '410422000000', '河南省平顶山市叶县教育局', '211', '111', '周秀芹', NULL, '8789066', NULL, NULL, NULL, NULL, NULL, NULL, NULL, NULL, NULL, NULL, NULL, NULL, NULL, NULL, NULL, NULL, NULL, NULL, NULL, 113, 33, NULL, NULL, NULL, NULL, NULL, NULL, NULL, NULL, NULL, NULL, NULL, NULL, '1', NULL, NULL, NULL, '7353', '20180627 17:12:22', '7353', '2019-01-28 19:30:12', NULL, NULL, '410422107000', '711');
INSERT INTO `xx_jbxx` VALUES ('6280ce10704d4f7abf8ddeb7fa9e6f59', '2141012481', '叶县洪庄杨乡姜渡口教学点', NULL, '叶县洪庄杨镇姜渡口村', NULL, '220', '410422000000', '河南省平顶山市叶县教育局', '410422000000', '河南省平顶山市叶县教育局', '211', '111', '王浩亮', NULL, '13461136443', NULL, NULL, NULL, NULL, NULL, NULL, NULL, NULL, NULL, NULL, NULL, NULL, NULL, NULL, NULL, NULL, NULL, NULL, NULL, 113, 33, NULL, NULL, NULL, NULL, NULL, NULL, NULL, NULL, NULL, NULL, NULL, NULL, '1', NULL, NULL, NULL, '7353', '20180627 17:13:19', '7353', '2019-01-28 19:30:12', NULL, NULL, '410422109000', '744');
INSERT INTO `xx_jbxx` VALUES ('62f62f0338f44b89a41487ea9ad48a76', '2141021293', '叶县龚店乡台刘小学', NULL, '叶县龚店乡台刘村', NULL, '220', '410422000000', '河南省平顶山市叶县教育局', '410422000000', '河南省平顶山市叶县教育局', '211', '111', '郝玉粉', NULL, '7268256', NULL, NULL, NULL, NULL, NULL, NULL, NULL, NULL, NULL, NULL, NULL, NULL, NULL, NULL, NULL, NULL, NULL, NULL, NULL, 113, 33, NULL, NULL, NULL, NULL, NULL, NULL, NULL, NULL, NULL, NULL, NULL, NULL, '1', NULL, NULL, NULL, '7253', '20180627 14:45:37', '7253', '2019-01-28 19:30:12', NULL, NULL, '410422205000', '647');
INSERT INTO `xx_jbxx` VALUES ('62ff95c841dd4aac831af8498d5d9407', '2141015944', '叶县常村镇府君庙学校', NULL, '叶县常村镇府君庙村', NULL, '220', '410422000000', '河南省平顶山市叶县教育局', '410422000000', '河南省平顶山市叶县教育局', '218', '111', '闫全福', NULL, '8790089', NULL, NULL, NULL, NULL, NULL, NULL, NULL, NULL, NULL, NULL, NULL, NULL, NULL, NULL, NULL, NULL, NULL, NULL, NULL, 113, 33, NULL, NULL, NULL, NULL, NULL, NULL, NULL, NULL, NULL, NULL, NULL, NULL, '1', NULL, NULL, NULL, '7353', '20180627 17:12:24', '7353', '2019-01-28 19:30:12', NULL, NULL, '410422107000', '717');
INSERT INTO `xx_jbxx` VALUES ('6314298572454a739d4e722baa33ba5f', '2141005713', '叶县叶邑镇大陈庄小学', NULL, '叶县叶邑镇大陈庄村', NULL, '220', '410422000000', '河南省平顶山市叶县教育局', '410422000000', '河南省平顶山市叶县教育局', '211', '111', '周修印', NULL, '7275959', NULL, NULL, NULL, NULL, NULL, NULL, NULL, NULL, NULL, NULL, NULL, NULL, NULL, NULL, NULL, NULL, NULL, NULL, NULL, 113, 33, NULL, NULL, NULL, NULL, NULL, NULL, NULL, NULL, NULL, NULL, NULL, NULL, '1', NULL, NULL, NULL, '7254', '20180626 20:42:54', '7254', '2019-01-28 19:30:12', NULL, NULL, '410422105000', '330');
INSERT INTO `xx_jbxx` VALUES ('659b450f82cd4632b411ec9375063df8', '3141003292', '叶县仙台镇第一初级中学', NULL, '叶县仙台镇西北拐村', NULL, '122', '410422000000', '河南省平顶山市叶县教育局', '410422000000', '河南省平顶山市叶县教育局', '311', '111', '董进峰', NULL, '8508555', NULL, NULL, NULL, NULL, NULL, NULL, NULL, NULL, NULL, NULL, NULL, NULL, NULL, NULL, NULL, NULL, NULL, NULL, NULL, 113, 33, NULL, NULL, NULL, NULL, NULL, NULL, NULL, NULL, NULL, NULL, NULL, NULL, '1', NULL, NULL, NULL, '7253', '20180626 20:29:45', '7253', '2019-01-28 19:30:12', NULL, NULL, '410422103000', '367');
INSERT INTO `xx_jbxx` VALUES ('65aed965e6be4dbcbdfac2faf2b8ae05', '2141011843', '叶县城关乡孟南小学', NULL, '叶县九龙街道孟南村', NULL, '220', '410422000000', '河南省平顶山市叶县教育局', '410422000000', '河南省平顶山市叶县教育局', '211', '111', '李彦毛', NULL, '13849550926', NULL, NULL, NULL, NULL, NULL, NULL, NULL, NULL, NULL, NULL, NULL, NULL, NULL, NULL, NULL, NULL, NULL, NULL, NULL, 113, 33, NULL, NULL, NULL, NULL, NULL, NULL, NULL, NULL, NULL, NULL, NULL, NULL, '1', NULL, NULL, NULL, '7353', '20180627 17:13:36', '7353', '2019-01-28 19:30:12', NULL, NULL, '410422001000', '749');
INSERT INTO `xx_jbxx` VALUES ('65bc4f42157048a5bf5eb28e29dd6a82', '2141022131', '叶县任店镇中其营教学点', NULL, '叶县任店镇中期营村', NULL, '220', '410422000000', '河南省平顶山市叶县教育局', '410422000000', '河南省平顶山市叶县教育局', '218', '111', '赵文兴', NULL, '8682034', NULL, NULL, NULL, NULL, NULL, NULL, NULL, NULL, NULL, NULL, NULL, NULL, NULL, NULL, NULL, NULL, NULL, NULL, NULL, 113, 33, NULL, NULL, NULL, NULL, NULL, NULL, NULL, NULL, NULL, NULL, NULL, NULL, '1', NULL, NULL, NULL, '7253', '20180627 15:25:06', '7253', '2019-01-28 19:30:12', NULL, NULL, '410422101000', '670');
INSERT INTO `xx_jbxx` VALUES ('65ceef2e5905495e85ec26669c36957a', '2141017863', '叶县邓李乡郝庄学校', NULL, '叶县邓李乡魏庄村', NULL, '220', '410422000000', '河南省平顶山市叶县教育局', '410422000000', '河南省平顶山市叶县教育局', '211', '111', '郝海涛', NULL, '8625016', NULL, NULL, NULL, NULL, NULL, NULL, NULL, NULL, NULL, NULL, NULL, NULL, NULL, NULL, NULL, NULL, NULL, NULL, NULL, 113, 33, NULL, NULL, NULL, NULL, NULL, NULL, NULL, NULL, NULL, NULL, NULL, NULL, '1', NULL, NULL, NULL, '7253', '20180627 14:26:46', '7253', '2019-01-28 19:30:12', NULL, NULL, '410422210000', '489');
INSERT INTO `xx_jbxx` VALUES ('669cb02740f844e3aac255f777780a4a', '2141012996', '叶县仙台镇英才小学', NULL, '叶县仙台镇西北拐村', NULL, '122', '410422000000', '河南省平顶山市叶县教育局', '410422000000', '河南省平顶山市叶县教育局', '211', '111', '杨进洲', NULL, '8507927', NULL, NULL, NULL, NULL, NULL, NULL, NULL, NULL, NULL, NULL, NULL, NULL, NULL, NULL, NULL, NULL, NULL, NULL, NULL, 113, 33, NULL, NULL, NULL, NULL, NULL, NULL, NULL, NULL, NULL, NULL, NULL, NULL, '1', NULL, NULL, NULL, '7353', '20180627 17:15:10', '7353', '2019-01-28 19:30:12', NULL, NULL, '410422103000', '818');
INSERT INTO `xx_jbxx` VALUES ('66f9bfd509b14b94b4e86f1b56e772db', '2141015952', '叶县常村镇栗林店学校', NULL, '叶县常村镇栗林店村', NULL, '220', '410422000000', '河南省平顶山市叶县教育局', '410422000000', '河南省平顶山市叶县教育局', '211', '111', '许军宝', NULL, '8790089', NULL, NULL, NULL, NULL, NULL, NULL, NULL, NULL, NULL, NULL, NULL, NULL, NULL, NULL, NULL, NULL, NULL, NULL, NULL, 113, 33, NULL, NULL, NULL, NULL, NULL, NULL, NULL, NULL, NULL, NULL, NULL, NULL, '1', NULL, NULL, NULL, '7253', '20180627 09:47:14', '7253', '2019-01-28 19:30:12', NULL, NULL, '410422107000', '409');
INSERT INTO `xx_jbxx` VALUES ('67501c24702946faa91378e42394471e', '2141024171', '叶县辛店镇哈佛双语小学', NULL, '叶县辛店镇赵沟村', NULL, '220', '410422000000', '河南省平顶山市叶县教育局', '410422000000', '河南省平顶山市叶县教育局', '211', '111', '王敏', NULL, '8853166', NULL, NULL, NULL, NULL, NULL, NULL, NULL, NULL, NULL, NULL, NULL, NULL, NULL, NULL, NULL, NULL, NULL, NULL, NULL, 113, 33, NULL, NULL, NULL, NULL, NULL, NULL, NULL, NULL, NULL, NULL, NULL, NULL, '1', NULL, NULL, NULL, '7253', '20180627 16:05:03', '7253', '2019-01-28 19:30:12', NULL, NULL, '410422108000', '695');
INSERT INTO `xx_jbxx` VALUES ('69910c678abe4573b9d240bdca489e60', '2141004611', '叶县龙泉谢营小学', NULL, '叶县龙泉乡谢营村', NULL, '220', '410422000000', '河南省平顶山市叶县教育局', '410422000000', '河南省平顶山市叶县教育局', '211', '111', '马保恒', NULL, '8538026', NULL, NULL, NULL, NULL, NULL, NULL, NULL, NULL, NULL, NULL, NULL, NULL, NULL, NULL, NULL, NULL, NULL, NULL, NULL, 113, 33, NULL, NULL, NULL, NULL, NULL, NULL, NULL, NULL, NULL, NULL, NULL, NULL, '1', NULL, NULL, NULL, '7254', '20180626 20:40:02', '7254', '2019-01-28 19:30:12', NULL, NULL, '410422207000', '323');
INSERT INTO `xx_jbxx` VALUES ('69bedd11b0a4415bb7853f0b0d18a30e', '2141018043', '叶县任店镇汪营小学', NULL, '叶县任店镇汪营村', NULL, '220', '410422000000', '河南省平顶山市叶县教育局', '410422000000', '河南省平顶山市叶县教育局', '211', '111', '毛国理', NULL, '8690686', NULL, NULL, NULL, NULL, NULL, NULL, NULL, NULL, NULL, NULL, NULL, NULL, NULL, NULL, NULL, NULL, NULL, NULL, NULL, 113, 33, NULL, NULL, NULL, NULL, NULL, NULL, NULL, NULL, NULL, NULL, NULL, NULL, '1', NULL, NULL, NULL, '7253', '20180627 15:24:21', '7253', '2019-01-28 19:30:12', NULL, NULL, '410422101000', '669');
INSERT INTO `xx_jbxx` VALUES ('69ef1dcfc7bd4337ac9817db642e9b5c', '2141009302', '叶县水寨乡前白观学校', NULL, '叶县水寨乡老街村', NULL, '220', '410422000000', '河南省平顶山市叶县教育局', '410422000000', '河南省平顶山市叶县教育局', '211', '111', '崔永兵', NULL, '8598121', NULL, NULL, NULL, NULL, NULL, NULL, NULL, NULL, NULL, NULL, NULL, NULL, NULL, NULL, NULL, NULL, NULL, NULL, NULL, 113, 33, NULL, NULL, NULL, NULL, NULL, NULL, NULL, NULL, NULL, NULL, NULL, NULL, '1', NULL, NULL, NULL, '7254', '20180627 09:55:04', '7254', '2019-01-28 19:30:12', NULL, NULL, '410422208000', '423');
INSERT INTO `xx_jbxx` VALUES ('6a5b129d9baf4b478488c3f113243a86', '2141037621', '叶县任店镇中心小学', NULL, '叶县任店镇刘岭村东', NULL, '220', '410422000000', '河南省平顶山市叶县教育局', '410422000000', '河南省平顶山市叶县教育局', '211', '111', '李民', NULL, '8682034', NULL, NULL, NULL, NULL, NULL, NULL, NULL, NULL, NULL, NULL, NULL, NULL, NULL, NULL, NULL, NULL, NULL, NULL, NULL, 113, 33, NULL, NULL, NULL, NULL, NULL, NULL, NULL, NULL, NULL, NULL, NULL, NULL, '1', NULL, NULL, NULL, '7253', '20180627 15:25:51', '7253', '2019-01-28 19:30:12', NULL, NULL, '410422101000', '671');
INSERT INTO `xx_jbxx` VALUES ('6a980d9c18c14856a5d3a9c70b87d8ad', '2141030194', '叶县夏李乡蓝天小学', NULL, '河南省平顶山市叶县夏李乡孙庵村', NULL, '220', '410422000000', '河南省平顶山市叶县教育局', '410422000000', '河南省平顶山市叶县教育局', '211', '111', '牛国恩', NULL, '8754511', NULL, NULL, NULL, NULL, NULL, NULL, NULL, NULL, NULL, NULL, NULL, NULL, NULL, NULL, NULL, NULL, NULL, NULL, NULL, 113, 33, NULL, NULL, NULL, NULL, NULL, NULL, NULL, NULL, NULL, NULL, NULL, NULL, '1', NULL, NULL, NULL, '7253', '20180627 15:44:48', '7253', '2019-01-28 19:30:12', NULL, NULL, '410422201000', '688');
INSERT INTO `xx_jbxx` VALUES ('6b5360cbd81c49148919ac626ff27579', '2141011408', '叶县廉村镇庆庄小学', NULL, '平顶山市叶县廉村镇庆庄村', NULL, '220', '410422000000', '河南省平顶山市叶县教育局', '410422000000', '河南省平顶山市叶县教育局', '211', '111', '齐换', NULL, '8052315', NULL, NULL, NULL, NULL, NULL, NULL, NULL, NULL, NULL, NULL, NULL, NULL, NULL, NULL, NULL, NULL, NULL, NULL, NULL, 113, 33, NULL, NULL, NULL, NULL, NULL, NULL, NULL, NULL, NULL, NULL, NULL, NULL, '1', NULL, NULL, NULL, '7353', '20180627 17:14:13', '7353', '2019-01-28 19:30:12', NULL, NULL, '410422106000', '765');
INSERT INTO `xx_jbxx` VALUES ('6c1295f3dee14ae7950debd70055822c', '2141019258', '叶县田庄乡幸福泉双语学校', NULL, '河南省平顶山市叶县田庄乡半坡长村委会  ', NULL, '122', '410422000000', '河南省平顶山市叶县教育局', '410422000000', '河南省平顶山市叶县教育局', '211', '111', '田启勋', NULL, '13837529689', NULL, NULL, NULL, NULL, NULL, NULL, NULL, NULL, NULL, NULL, NULL, NULL, NULL, NULL, NULL, NULL, NULL, NULL, NULL, 113, 33, NULL, NULL, NULL, NULL, NULL, NULL, NULL, NULL, NULL, NULL, NULL, NULL, '1', NULL, NULL, NULL, '7253', '20180627 15:39:38', '7253', '2019-01-28 19:30:12', NULL, NULL, '410422204000', '684');
INSERT INTO `xx_jbxx` VALUES ('6d7062752fde45de8293014e8c556a0f', '2141012987', '叶县仙台镇北庞庄学校', NULL, '仙台镇北庞庄村', NULL, '220', '410422000000', '河南省平顶山市叶县教育局', '410422000000', '河南省平顶山市叶县教育局', '218', '111', '张义铭', NULL, '8507003', NULL, NULL, NULL, NULL, NULL, NULL, NULL, NULL, NULL, NULL, NULL, NULL, NULL, NULL, NULL, NULL, NULL, NULL, NULL, 113, 33, NULL, NULL, NULL, NULL, NULL, NULL, NULL, NULL, NULL, NULL, NULL, NULL, '1', NULL, NULL, NULL, '7353', '20180627 17:15:08', '7353', '2019-01-28 19:30:12', NULL, NULL, '410422103000', '810');
INSERT INTO `xx_jbxx` VALUES ('6de6cf078ccc489f8198ec3b25281092', '2141010557', '叶县马庄回族乡张庄学校', NULL, '叶县马庄乡张庄村', NULL, '112', '410422000000', '河南省平顶山市叶县教育局', '410422000000', '河南省平顶山市叶县教育局', '211', '111', '杨军召', NULL, '8709355', NULL, NULL, NULL, NULL, NULL, NULL, NULL, NULL, NULL, NULL, NULL, NULL, NULL, NULL, NULL, NULL, NULL, NULL, NULL, 113, 33, NULL, NULL, NULL, NULL, NULL, NULL, NULL, NULL, NULL, NULL, NULL, NULL, '1', NULL, NULL, NULL, '7353', '20180627 17:14:29', '7353', '2019-01-28 19:30:12', NULL, NULL, '410422203000', '780');
INSERT INTO `xx_jbxx` VALUES ('6f8cc78bacf546f8911b8d75ca3495f1', '2141018012', '叶县保安镇陈岗村小学', NULL, '叶县保安镇庙岗村', NULL, '220', '410422000000', '河南省平顶山市叶县教育局', '410422000000', '河南省平顶山市叶县教育局', '218', '111', '肖建伦', NULL, '15836988661', NULL, NULL, NULL, NULL, NULL, NULL, NULL, NULL, NULL, NULL, NULL, NULL, NULL, NULL, NULL, NULL, NULL, NULL, NULL, 113, 33, NULL, NULL, NULL, NULL, NULL, NULL, NULL, NULL, NULL, NULL, NULL, NULL, '1', NULL, NULL, NULL, '7253', '20180627 10:31:29', '7253', '2019-01-28 19:30:12', NULL, NULL, '410422102000', '446');
INSERT INTO `xx_jbxx` VALUES ('6faace48190c4de5b3e677f78f147dfe', '2141010130', '叶县辛店镇帅才小学', NULL, '叶县辛店镇田寨村', NULL, '220', '410422000000', '河南省平顶山市叶县教育局', '410422000000', '河南省平顶山市叶县教育局', '211', '111', '田凡', NULL, '8848658', NULL, NULL, NULL, NULL, NULL, NULL, NULL, NULL, NULL, NULL, NULL, NULL, NULL, NULL, NULL, NULL, NULL, NULL, NULL, 113, 33, NULL, NULL, NULL, NULL, NULL, NULL, NULL, NULL, NULL, NULL, NULL, NULL, '1', NULL, NULL, NULL, '7353', '20180627 17:15:31', '7353', '2019-01-28 19:30:12', NULL, NULL, '410422108000', '824');
INSERT INTO `xx_jbxx` VALUES ('6fbf2ec3d6b64a4cb6f728c0db9a1f58', '2141019216', '叶县仙台镇布杨学校', NULL, '叶县仙台镇布杨村', NULL, '220', '410422000000', '河南省平顶山市叶县教育局', '410422000000', '河南省平顶山市叶县教育局', '218', '111', '梁伟伟', NULL, '8509877', NULL, NULL, NULL, NULL, NULL, NULL, NULL, NULL, NULL, NULL, NULL, NULL, NULL, NULL, NULL, NULL, NULL, NULL, NULL, 113, 33, NULL, NULL, NULL, NULL, NULL, NULL, NULL, NULL, NULL, NULL, NULL, NULL, '1', NULL, NULL, NULL, '7253', '20180627 15:59:47', '7253', '2019-01-28 19:30:12', NULL, NULL, '410422103000', '691');
INSERT INTO `xx_jbxx` VALUES ('7016ac486cd24f298bf1b28b13410e9c', '2141008404', '叶县保安镇冯安村小学', NULL, '叶县保安镇冯庵村', NULL, '220', '410422000000', '河南省平顶山市叶县教育局', '410422000000', '河南省平顶山市叶县教育局', '218', '111', '屈小辉', NULL, '8829818', NULL, NULL, NULL, NULL, NULL, NULL, NULL, NULL, NULL, NULL, NULL, NULL, NULL, NULL, NULL, NULL, NULL, NULL, NULL, 113, 33, NULL, NULL, NULL, NULL, NULL, NULL, NULL, NULL, NULL, NULL, NULL, NULL, '1', NULL, NULL, NULL, '7254', '20180627 09:41:51', '7254', '2019-01-28 19:30:12', NULL, NULL, '410422102000', '403');
INSERT INTO `xx_jbxx` VALUES ('7093b8147afb4cd2a31189220432edd4', '2141023446', '叶县廉村镇星光学校', NULL, '叶县廉村镇齐贤王', NULL, '220', '410422000000', '河南省平顶山市叶县教育局', '410422000000', '河南省平顶山市叶县教育局', '211', '111', '王彦民', NULL, '8925385', NULL, NULL, NULL, NULL, NULL, NULL, NULL, NULL, NULL, NULL, NULL, NULL, NULL, NULL, NULL, NULL, NULL, NULL, NULL, 113, 33, NULL, NULL, NULL, NULL, NULL, NULL, NULL, NULL, NULL, NULL, NULL, NULL, '1', NULL, NULL, NULL, '7253', '20180627 15:07:33', '7253', '2019-01-28 19:30:12', NULL, NULL, '410422106000', '662');
INSERT INTO `xx_jbxx` VALUES ('70e5f7207bfe4e44b94be70717035b54', '2141007142', '叶县夏李乡油坊头小学', NULL, '河南省平顶山市叶县油坊头村', NULL, '220', '410422000000', '河南省平顶山市叶县教育局', '410422000000', '河南省平顶山市叶县教育局', '218', '111', '禹召辉', NULL, '8754511', NULL, NULL, NULL, NULL, NULL, NULL, NULL, NULL, NULL, NULL, NULL, NULL, NULL, NULL, NULL, NULL, NULL, NULL, NULL, 113, 33, NULL, NULL, NULL, NULL, NULL, NULL, NULL, NULL, NULL, NULL, NULL, NULL, '1', NULL, NULL, NULL, '7254', '20180626 20:59:49', '7254', '2019-01-28 19:30:12', NULL, NULL, '410422201000', '390');
INSERT INTO `xx_jbxx` VALUES ('70eaad54e3a643978c2af70e4b584069', '2141015472', '叶县田庄乡尤潦村小学', NULL, '河南省平顶山市叶县田庄乡尤潦村委会  ', NULL, '220', '410422000000', '河南省平顶山市叶县教育局', '410422000000', '河南省平顶山市叶县教育局', '211', '111', '李旭东', NULL, '13849547008', NULL, NULL, NULL, NULL, NULL, NULL, NULL, NULL, NULL, NULL, NULL, NULL, NULL, NULL, NULL, NULL, NULL, NULL, NULL, 113, 33, NULL, NULL, NULL, NULL, NULL, NULL, NULL, NULL, NULL, NULL, NULL, NULL, '1', NULL, NULL, NULL, '7253', '20181016 16:59:58', '7253', '2019-01-28 19:30:12', NULL, NULL, '410422204000', '850');
INSERT INTO `xx_jbxx` VALUES ('70ed6b74cfc749a99572ebe6d277b87f', '2141005762', '叶县叶邑镇北村回民小学', NULL, '叶县叶邑镇北村', NULL, '122', '410422000000', '河南省平顶山市叶县教育局', '410422000000', '河南省平顶山市叶县教育局', '211', '111', '曲根旺', NULL, '7275959', NULL, NULL, NULL, NULL, NULL, NULL, NULL, NULL, NULL, NULL, NULL, NULL, NULL, NULL, NULL, NULL, NULL, NULL, NULL, 113, 33, NULL, NULL, NULL, NULL, NULL, NULL, NULL, NULL, NULL, NULL, NULL, NULL, '1', NULL, NULL, NULL, '7254', '20180626 20:44:00', '7254', '2019-01-28 19:30:12', NULL, NULL, '410422105000', '371');
INSERT INTO `xx_jbxx` VALUES ('71ae0c1b0cd642d7a2f937d1b057cc7d', '2141017860', '叶县田庄乡东杨庄小学', NULL, '河南省平顶山市叶县田庄乡东杨庄村委会  ', NULL, '220', '410422000000', '河南省平顶山市叶县教育局', '410422000000', '河南省平顶山市叶县教育局', '211', '111', '刘进武', NULL, '13569570868', NULL, NULL, NULL, NULL, NULL, NULL, NULL, NULL, NULL, NULL, NULL, NULL, NULL, NULL, NULL, NULL, NULL, NULL, NULL, 113, 33, NULL, NULL, NULL, NULL, NULL, NULL, NULL, NULL, NULL, NULL, NULL, NULL, '1', NULL, NULL, NULL, '7253', '20180627 15:35:23', '7253', '2019-01-28 19:30:12', NULL, NULL, '410422204000', '676');
INSERT INTO `xx_jbxx` VALUES ('723a292ead90409b96b1a9b2c921cf3b', '2141011803', '叶县城关乡刘庄小学', NULL, '叶县城关乡刘庄村', NULL, '220', '410422000000', '河南省平顶山市叶县教育局', '410422000000', '河南省平顶山市叶县教育局', '218', '111', '张莹君', NULL, '18837521163', NULL, NULL, NULL, NULL, NULL, NULL, NULL, NULL, NULL, NULL, NULL, NULL, NULL, NULL, NULL, NULL, NULL, NULL, NULL, 113, 33, NULL, NULL, NULL, NULL, NULL, NULL, NULL, NULL, NULL, NULL, NULL, NULL, '1', NULL, NULL, NULL, '7353', '20180627 17:15:47', '7353', '2019-01-28 19:30:12', NULL, NULL, '410422003000', '832');
INSERT INTO `xx_jbxx` VALUES ('7251ab890468470398ba3216abf8498a', '2141009339', '叶县夏李乡田庄小学岗马教学点', NULL, '河南省平顶山市叶县夏李乡岗马村', NULL, '220', '410422000000', '河南省平顶山市叶县教育局', '410422000000', '河南省平顶山市叶县教育局', '218', '111', '袁景潮', NULL, '8754511', NULL, NULL, NULL, NULL, NULL, NULL, NULL, NULL, NULL, NULL, NULL, NULL, NULL, NULL, NULL, NULL, NULL, NULL, NULL, 113, 33, NULL, NULL, NULL, NULL, NULL, NULL, NULL, NULL, NULL, NULL, NULL, NULL, '1', NULL, NULL, NULL, '7254', '20180627 10:31:28', '7254', '2019-01-28 19:30:12', NULL, NULL, '410422201000', '445');
INSERT INTO `xx_jbxx` VALUES ('72afd37312e84d3abd655c14a1def902', '2141017689', '叶县田庄乡实验小学', NULL, '河南省平顶山市叶县田庄乡田庄村委会  ', NULL, '210', '410422000000', '河南省平顶山市叶县教育局', '410422000000', '河南省平顶山市叶县教育局', '211', '111', '刘军辉', NULL, '13569566975', NULL, NULL, NULL, NULL, NULL, NULL, NULL, NULL, NULL, NULL, NULL, NULL, NULL, NULL, NULL, NULL, NULL, NULL, NULL, 113, 33, NULL, NULL, NULL, NULL, NULL, NULL, NULL, NULL, NULL, NULL, NULL, NULL, '1', NULL, NULL, NULL, '7253', '20180627 15:38:52', '7253', '2019-01-28 19:30:12', NULL, NULL, '410422204000', '683');
INSERT INTO `xx_jbxx` VALUES ('73137dd3960e4bfe9fcf08269da485e3', '2141010216', '叶县思桐双语小学', NULL, '叶县玄武大道东段200米', NULL, '122', '410422000000', '河南省平顶山市叶县教育局', '410422000000', '河南省平顶山市叶县教育局', '211', '111', '何庆伟', NULL, '18768971825', NULL, NULL, NULL, NULL, NULL, NULL, NULL, NULL, NULL, NULL, NULL, NULL, NULL, NULL, NULL, NULL, NULL, NULL, NULL, 113, 33, NULL, NULL, NULL, NULL, NULL, NULL, NULL, NULL, NULL, NULL, NULL, NULL, '1', NULL, NULL, NULL, '7353', '20180627 17:13:36', '7353', '2019-01-28 19:30:12', NULL, NULL, '410422001000', '747');
INSERT INTO `xx_jbxx` VALUES ('733e63bd534a4b318345df4b6cde1ff3', '2141003949', '叶县保安镇余康村小学', NULL, '叶县保安镇余康村', NULL, '220', '410422000000', '河南省平顶山市叶县教育局', '410422000000', '河南省平顶山市叶县教育局', '218', '111', '赵留拴', NULL, '8829818', NULL, NULL, NULL, NULL, NULL, NULL, NULL, NULL, NULL, NULL, NULL, NULL, NULL, NULL, NULL, NULL, NULL, NULL, NULL, 113, 33, NULL, NULL, NULL, NULL, NULL, NULL, NULL, NULL, NULL, NULL, NULL, NULL, '1', NULL, NULL, NULL, '7254', '20180626 20:13:52', '7254', '2019-01-28 19:30:12', NULL, NULL, '410422102000', '360');
INSERT INTO `xx_jbxx` VALUES ('7432589f3bfc49b0b2cc5a3c3932b252', '2141012253', '叶县邓李乡吕庄学校', NULL, '叶县邓李乡吕庄村', NULL, '220', '410422000000', '河南省平顶山市叶县教育局', '410422000000', '河南省平顶山市叶县教育局', '211', '111', '张玉来', NULL, '8625016', NULL, NULL, NULL, NULL, NULL, NULL, NULL, NULL, NULL, NULL, NULL, NULL, NULL, NULL, NULL, NULL, NULL, NULL, NULL, 113, 33, NULL, NULL, NULL, NULL, NULL, NULL, NULL, NULL, NULL, NULL, NULL, NULL, '1', NULL, NULL, NULL, '7353', '20180627 17:12:58', '7353', '2019-01-28 19:30:12', NULL, NULL, '410422210000', '724');
INSERT INTO `xx_jbxx` VALUES ('749bea027fca4e36ac42f13f7e008269', '2141009279', '叶县水寨乡实验学校', NULL, '叶县水寨乡水寨街西段', NULL, '210', '410422000000', '河南省平顶山市叶县教育局', '410422000000', '河南省平顶山市叶县教育局', '211', '111', '张晓营', NULL, '8598121', NULL, NULL, NULL, NULL, NULL, NULL, NULL, NULL, NULL, NULL, NULL, NULL, NULL, NULL, NULL, NULL, NULL, NULL, NULL, 113, 33, NULL, NULL, NULL, NULL, NULL, NULL, NULL, NULL, NULL, NULL, NULL, NULL, '1', NULL, NULL, NULL, '7254', '20180627 09:49:41', '7254', '2019-01-28 19:30:12', NULL, NULL, '410422208000', '413');
INSERT INTO `xx_jbxx` VALUES ('74bddccd51cc49d086e80fb50c93fd57', '2141015510', '叶县田庄乡粱寨村小学', NULL, '河南省平顶山市叶县田庄乡梁寨村委会', NULL, '220', '410422000000', '河南省平顶山市叶县教育局', '410422000000', '河南省平顶山市叶县教育局', '211', '111', '周新义', NULL, '13525386964', NULL, NULL, NULL, NULL, NULL, NULL, NULL, NULL, NULL, NULL, NULL, NULL, NULL, NULL, NULL, NULL, NULL, NULL, NULL, 113, 33, NULL, NULL, NULL, NULL, NULL, NULL, NULL, NULL, NULL, NULL, NULL, NULL, '1', NULL, NULL, NULL, '7254', '20180627 13:58:39', '7254', '2019-01-28 19:30:12', NULL, NULL, '410422204000', '482');
INSERT INTO `xx_jbxx` VALUES ('76723cde19e1461db4e9ce94ca3fe456', '2141017336', '叶县田庄乡后李村小学', NULL, '河南省平顶山市叶县田庄乡后李村委会  ', NULL, '220', '410422000000', '河南省平顶山市叶县教育局', '410422000000', '河南省平顶山市叶县教育局', '211', '111', '李干卿', NULL, '13653752383', NULL, NULL, NULL, NULL, NULL, NULL, NULL, NULL, NULL, NULL, NULL, NULL, NULL, NULL, NULL, NULL, NULL, NULL, NULL, 113, 33, NULL, NULL, NULL, NULL, NULL, NULL, NULL, NULL, NULL, NULL, NULL, NULL, '1', NULL, NULL, NULL, '7253', '20180627 15:37:19', '7253', '2019-01-28 19:30:12', NULL, NULL, '410422204000', '678');
INSERT INTO `xx_jbxx` VALUES ('76c5624e175944f68a0ac26b090654de', '2141015968', '叶县常村镇中马学校各河教学点', NULL, '叶县常村镇各河村', NULL, '220', '410422000000', '河南省平顶山市叶县教育局', '410422000000', '河南省平顶山市叶县教育局', '218', '111', '傅帮朝', NULL, '8790089', NULL, NULL, NULL, NULL, NULL, NULL, NULL, NULL, NULL, NULL, NULL, NULL, NULL, NULL, NULL, NULL, NULL, NULL, NULL, 113, 33, NULL, NULL, NULL, NULL, NULL, NULL, NULL, NULL, NULL, NULL, NULL, NULL, '1', NULL, NULL, NULL, '7253', '20180627 09:56:49', '7253', '2019-01-28 19:30:12', NULL, NULL, '410422107000', '426');
INSERT INTO `xx_jbxx` VALUES ('7703ad144d45469ca8b4ebaa03dc5f66', '2141015085', '叶县任店镇任一小学', NULL, '叶县任店镇任一村小学', NULL, '121', '410422000000', '河南省平顶山市叶县教育局', '410422000000', '河南省平顶山市叶县教育局', '211', '111', '孙纪霞', NULL, '8682034', NULL, NULL, NULL, NULL, NULL, NULL, NULL, NULL, NULL, NULL, NULL, NULL, NULL, NULL, NULL, NULL, NULL, NULL, NULL, 113, 33, NULL, NULL, NULL, NULL, NULL, NULL, NULL, NULL, NULL, NULL, NULL, NULL, '1', NULL, NULL, NULL, '7353', '20180627 17:14:45', '7353', '2019-01-28 19:30:12', NULL, NULL, '410422101000', '785');
INSERT INTO `xx_jbxx` VALUES ('796f261ad31e4629a64ca8bcbd3e5b04', '3141002285', '叶县燕山初级中学', NULL, '叶县保安镇辛庄村', NULL, '220', '410422000000', '河南省平顶山市叶县教育局', '410422000000', '河南省平顶山市叶县教育局', '311', '111', '李军伟', NULL, '8830333', NULL, NULL, NULL, NULL, NULL, NULL, NULL, NULL, NULL, NULL, NULL, NULL, NULL, NULL, NULL, NULL, NULL, NULL, NULL, 113, 33, NULL, NULL, NULL, NULL, NULL, NULL, NULL, NULL, NULL, NULL, NULL, NULL, '1', NULL, NULL, NULL, '7253', '20180626 20:36:03', '7253', '2019-01-28 19:30:12', NULL, NULL, '410422102000', '316');
INSERT INTO `xx_jbxx` VALUES ('7afad847bfa044ce9676f52f7186a2df', '2141015450', '叶县田庄乡张申庄小学', NULL, '河南省平顶山市叶县田庄乡张申庄村委会  ', NULL, '122', '410422000000', '河南省平顶山市叶县教育局', '410422000000', '河南省平顶山市叶县教育局', '211', '111', '董春浩', NULL, '13783224822', NULL, NULL, NULL, NULL, NULL, NULL, NULL, NULL, NULL, NULL, NULL, NULL, NULL, NULL, NULL, NULL, NULL, NULL, NULL, 113, 33, NULL, NULL, NULL, NULL, NULL, NULL, NULL, NULL, NULL, NULL, NULL, NULL, '1', NULL, NULL, NULL, '7253', '20181016 16:59:58', '7253', '2019-01-28 19:30:12', NULL, NULL, '410422204000', '848');
INSERT INTO `xx_jbxx` VALUES ('7b0f765a89104476a15a78a6766b83d2', '2141010125', '叶县辛店镇育英学校', NULL, '叶县辛店镇南房庄村', NULL, '121', '410422000000', '河南省平顶山市叶县教育局', '410422000000', '河南省平顶山市叶县教育局', '211', '111', '房艳锦', NULL, '8848658', NULL, NULL, NULL, NULL, NULL, NULL, NULL, NULL, NULL, NULL, NULL, NULL, NULL, NULL, NULL, NULL, NULL, NULL, NULL, 113, 33, NULL, NULL, NULL, NULL, NULL, NULL, NULL, NULL, NULL, NULL, NULL, NULL, '1', NULL, NULL, NULL, '7353', '20180627 17:15:31', '7353', '2019-01-28 19:30:12', NULL, NULL, '410422108000', '823');
INSERT INTO `xx_jbxx` VALUES ('7d66deaad51048288138be4c99c816a6', '2141012473', '叶县洪庄杨乡王庄教学点', NULL, '洪庄杨镇王庄村', NULL, '220', '410422000000', '河南省平顶山市叶县教育局', '410422000000', '河南省平顶山市叶县教育局', '218', '111', '王晓敏', NULL, '15803901183', NULL, NULL, NULL, NULL, NULL, NULL, NULL, NULL, NULL, NULL, NULL, NULL, NULL, NULL, NULL, NULL, NULL, NULL, NULL, 113, 33, NULL, NULL, NULL, NULL, NULL, NULL, NULL, NULL, NULL, NULL, NULL, NULL, '1', NULL, NULL, NULL, '7353', '20180627 17:13:19', '7353', '2019-01-28 19:30:12', NULL, NULL, '410422109000', '743');
INSERT INTO `xx_jbxx` VALUES ('7e46e17f114e40e4a75baa221792dbbe', '2141008358', '叶县保安镇三村小学', NULL, '叶县保安镇三村', NULL, '122', '410422000000', '河南省平顶山市叶县教育局', '410422000000', '河南省平顶山市叶县教育局', '218', '111', '杨晓', NULL, '8829818', NULL, NULL, NULL, NULL, NULL, NULL, NULL, NULL, NULL, NULL, NULL, NULL, NULL, NULL, NULL, NULL, NULL, NULL, NULL, 113, 33, NULL, NULL, NULL, NULL, NULL, NULL, NULL, NULL, NULL, NULL, NULL, NULL, '1', NULL, NULL, NULL, '7254', '20180627 09:40:12', '7254', '2019-01-28 19:30:12', NULL, NULL, '410422102000', '400');
INSERT INTO `xx_jbxx` VALUES ('7ed5802d54564d7780e79b8955286f34', '2141010280', '叶县明英双语学校', NULL, '河南省平顶山市叶县北水闸西一公里路南', NULL, '122', '410422000000', '河南省平顶山市叶县教育局', '410422000000', '河南省平顶山市叶县教育局', '211', '111', '杨东方', NULL, '7025259', NULL, NULL, NULL, NULL, NULL, NULL, NULL, NULL, NULL, NULL, NULL, NULL, NULL, NULL, NULL, NULL, NULL, NULL, NULL, 113, 33, NULL, NULL, NULL, NULL, NULL, NULL, NULL, NULL, NULL, NULL, NULL, NULL, '1', NULL, NULL, NULL, '7353', '20180627 17:13:36', '7353', '2019-01-28 19:30:12', NULL, NULL, '410422001000', '748');
INSERT INTO `xx_jbxx` VALUES ('7ee6cbafb29b4f6894491e82e81cb113', '2141012983', '叶县仙台镇崔王学校', NULL, '叶县仙台镇崔王村', NULL, '220', '410422000000', '河南省平顶山市叶县教育局', '410422000000', '河南省平顶山市叶县教育局', '211', '111', '王留义', NULL, '8507003', NULL, NULL, NULL, NULL, NULL, NULL, NULL, NULL, NULL, NULL, NULL, NULL, NULL, NULL, NULL, NULL, NULL, NULL, NULL, 113, 33, NULL, NULL, NULL, NULL, NULL, NULL, NULL, NULL, NULL, NULL, NULL, NULL, '1', NULL, NULL, NULL, '7353', '20180627 17:15:07', '7353', '2019-01-28 19:30:12', NULL, NULL, '410422103000', '806');
INSERT INTO `xx_jbxx` VALUES ('7f73d08694c64582b9f7361b70d765fd', '2141021324', '叶县任店镇瓦店学校', NULL, '河南省平顶山市叶县任店镇瓦店村', NULL, '220', '410422000000', '河南省平顶山市叶县教育局', '410422000000', '河南省平顶山市叶县教育局', '211', '111', '毛国理', NULL, '8690686', NULL, NULL, NULL, NULL, NULL, NULL, NULL, NULL, NULL, NULL, NULL, NULL, NULL, NULL, NULL, NULL, NULL, NULL, NULL, 113, 33, NULL, NULL, NULL, NULL, NULL, NULL, NULL, NULL, NULL, NULL, NULL, NULL, '1', NULL, NULL, NULL, '7253', '20180627 15:23:37', '7253', '2019-01-28 19:30:12', NULL, NULL, '410422101000', '668');
INSERT INTO `xx_jbxx` VALUES ('7f946ed5b6bc4451a3010096238b72d1', '2141004596', '叶县龙泉乡赵庄小学', NULL, '叶县龙泉乡赵庄村', NULL, '220', '410422000000', '河南省平顶山市叶县教育局', '410422000000', '河南省平顶山市叶县教育局', '218', '111', '张学礼', NULL, '8538206', NULL, NULL, NULL, NULL, NULL, NULL, NULL, NULL, NULL, NULL, NULL, NULL, NULL, NULL, NULL, NULL, NULL, NULL, NULL, 113, 33, NULL, NULL, NULL, NULL, NULL, NULL, NULL, NULL, NULL, NULL, NULL, NULL, '1', NULL, NULL, NULL, '7254', '20180626 20:33:31', '7254', '2019-01-28 19:30:11', NULL, NULL, '410422207000', '310');
INSERT INTO `xx_jbxx` VALUES ('7faaa35bde44431387af1e8d63843260', '2141015986', '叶县常村镇月台学校养凤沟教学点', NULL, '叶县常村镇养丰沟村', NULL, '220', '410422000000', '河南省平顶山市叶县教育局', '410422000000', '河南省平顶山市叶县教育局', '218', '111', '娄彦科', NULL, '8788516', NULL, NULL, NULL, NULL, NULL, NULL, NULL, NULL, NULL, NULL, NULL, NULL, NULL, NULL, NULL, NULL, NULL, NULL, NULL, 113, 33, NULL, NULL, NULL, NULL, NULL, NULL, NULL, NULL, NULL, NULL, NULL, NULL, '1', NULL, NULL, NULL, '7253', '20180627 10:04:29', '7253', '2019-01-28 19:30:12', NULL, NULL, '410422107000', '430');
INSERT INTO `xx_jbxx` VALUES ('807d3677758e4491b3dbfab0f0a81598', '2141011300', '叶县三为小学', NULL, '河南省平顶山市叶县田庄乡东李村委会  ', NULL, '122', '410422000000', '河南省平顶山市叶县教育局', '410422000000', '河南省平顶山市叶县教育局', '211', '111', '李松云', NULL, '8739812', NULL, NULL, NULL, NULL, NULL, NULL, NULL, NULL, NULL, NULL, NULL, NULL, NULL, NULL, NULL, NULL, NULL, NULL, NULL, 113, 33, NULL, NULL, NULL, NULL, NULL, NULL, NULL, NULL, NULL, NULL, NULL, NULL, '1', NULL, NULL, NULL, '7353', '20180627 17:19:41', '7353', '2019-01-28 19:30:12', NULL, NULL, '410422204000', '841');
INSERT INTO `xx_jbxx` VALUES ('80b84a4860a94ecb8220c2694a499e9b', '2141012293', '叶县邓李乡马湾学校', NULL, '叶县邓李乡马湾村', NULL, '220', '410422000000', '河南省平顶山市叶县教育局', '410422000000', '河南省平顶山市叶县教育局', '211', '111', '马新军', NULL, '8625016', NULL, NULL, NULL, NULL, NULL, NULL, NULL, NULL, NULL, NULL, NULL, NULL, NULL, NULL, NULL, NULL, NULL, NULL, NULL, 113, 33, NULL, NULL, NULL, NULL, NULL, NULL, NULL, NULL, NULL, NULL, NULL, NULL, '1', NULL, NULL, NULL, '7353', '20180627 17:13:00', '7353', '2019-01-28 19:30:12', NULL, NULL, '410422210000', '731');
INSERT INTO `xx_jbxx` VALUES ('814ad0160c9e44258275b3fd70953aab', '2141015483', '叶县田庄乡康台村小学', NULL, '河南省平顶山市叶县田庄乡康台村委会  ', NULL, '220', '410422000000', '河南省平顶山市叶县教育局', '410422000000', '河南省平顶山市叶县教育局', '218', '111', '康琴', NULL, '13663759457', NULL, NULL, NULL, NULL, NULL, NULL, NULL, NULL, NULL, NULL, NULL, NULL, NULL, NULL, NULL, NULL, NULL, NULL, NULL, 113, 33, NULL, NULL, NULL, NULL, NULL, NULL, NULL, NULL, NULL, NULL, NULL, NULL, '1', NULL, NULL, NULL, '7253', '20181016 16:59:58', '7253', '2019-01-28 19:30:12', NULL, NULL, '410422204000', '851');
INSERT INTO `xx_jbxx` VALUES ('821dbd58939e4ce5a9e300a0038e8ead', '2141007049', '叶县夏李乡先庄小学', NULL, '河南省平顶山市叶县夏李乡先庄村', NULL, '220', '410422000000', '河南省平顶山市叶县教育局', '410422000000', '河南省平顶山市叶县教育局', '211', '111', '李桂申', NULL, '8754511', NULL, NULL, NULL, NULL, NULL, NULL, NULL, NULL, NULL, NULL, NULL, NULL, NULL, NULL, NULL, NULL, NULL, NULL, NULL, 113, 33, NULL, NULL, NULL, NULL, NULL, NULL, NULL, NULL, NULL, NULL, NULL, NULL, '1', NULL, NULL, NULL, '7254', '20180626 20:47:52', '7254', '2019-01-28 19:30:11', NULL, NULL, '410422201000', '378');
INSERT INTO `xx_jbxx` VALUES ('8379548a2ff542d382a0be958e0f1d32', '3141002282', '叶县廉村镇第二中学', NULL, '叶县廉村镇廉村村835号', NULL, '121', '410422000000', '河南省平顶山市叶县教育局', '410422000000', '河南省平顶山市叶县教育局', '311', '111', '刘春明', NULL, '8556369', NULL, NULL, NULL, NULL, NULL, NULL, NULL, NULL, NULL, NULL, NULL, NULL, NULL, NULL, NULL, NULL, NULL, NULL, NULL, 113, 33, NULL, NULL, NULL, NULL, NULL, NULL, NULL, NULL, NULL, NULL, NULL, NULL, '1', NULL, NULL, NULL, '7253', '20180626 20:31:05', '7253', '2019-01-28 19:30:12', NULL, NULL, '410422106000', '370');
INSERT INTO `xx_jbxx` VALUES ('84799229232d48d595a3456739a6834f', '2141030230', '叶县仙台镇晨星小学', NULL, '叶县仙台镇黄李村', NULL, '220', '410422000000', '河南省平顶山市叶县教育局', '410422000000', '河南省平顶山市叶县教育局', '211', '111', '刘秀云', NULL, '8507003', NULL, NULL, NULL, NULL, NULL, NULL, NULL, NULL, NULL, NULL, NULL, NULL, NULL, NULL, NULL, NULL, NULL, NULL, NULL, 113, 33, NULL, NULL, NULL, NULL, NULL, NULL, NULL, NULL, NULL, NULL, NULL, NULL, '1', NULL, NULL, NULL, '7253', '20180627 16:00:42', '7253', '2019-01-28 19:30:12', NULL, NULL, '410422103000', '692');
INSERT INTO `xx_jbxx` VALUES ('84b02a65b9fc405da598ec34ec98dad4', '2141012988', '叶县仙台镇潘庄学校', NULL, '叶县仙台镇潘庄村', NULL, '220', '410422000000', '河南省平顶山市叶县教育局', '410422000000', '河南省平顶山市叶县教育局', '218', '111', '王凤丽', NULL, '8507003', NULL, NULL, NULL, NULL, NULL, NULL, NULL, NULL, NULL, NULL, NULL, NULL, NULL, NULL, NULL, NULL, NULL, NULL, NULL, 113, 33, NULL, NULL, NULL, NULL, NULL, NULL, NULL, NULL, NULL, NULL, NULL, NULL, '1', NULL, NULL, NULL, '7353', '20180627 17:15:08', '7353', '2019-01-28 19:30:12', NULL, NULL, '410422103000', '811');
INSERT INTO `xx_jbxx` VALUES ('84ccbf5a5bbd4724872918831d546caf', '2141012264', '叶县邓李乡丁杨学校', NULL, '叶县邓李乡丁杨村', NULL, '220', '410422000000', '河南省平顶山市叶县教育局', '410422000000', '河南省平顶山市叶县教育局', '211', '111', '张骄阳', NULL, '8625016', NULL, NULL, NULL, NULL, NULL, NULL, NULL, NULL, NULL, NULL, NULL, NULL, NULL, NULL, NULL, NULL, NULL, NULL, NULL, 113, 33, NULL, NULL, NULL, NULL, NULL, NULL, NULL, NULL, NULL, NULL, NULL, NULL, '1', NULL, NULL, NULL, '7353', '20180627 17:12:59', '7353', '2019-01-28 19:30:12', NULL, NULL, '410422210000', '727');
INSERT INTO `xx_jbxx` VALUES ('855b46a59bea4454861fe4bd6f6e3993', '2141007057', '叶县夏李乡曹王小学', NULL, '河南省平顶山市叶县夏李乡曹王村', NULL, '220', '410422000000', '河南省平顶山市叶县教育局', '410422000000', '河南省平顶山市叶县教育局', '211', '111', '郭高重', NULL, '8754511', NULL, NULL, NULL, NULL, NULL, NULL, NULL, NULL, NULL, NULL, NULL, NULL, NULL, NULL, NULL, NULL, NULL, NULL, NULL, 113, 33, NULL, NULL, NULL, NULL, NULL, NULL, NULL, NULL, NULL, NULL, NULL, NULL, '1', NULL, NULL, NULL, '7254', '20180626 20:48:50', '7254', '2019-01-28 19:30:12', NULL, NULL, '410422201000', '379');
INSERT INTO `xx_jbxx` VALUES ('85721b5ccdd54b08bf3390a65bdaf592', '2141019808', '叶县任店镇灰河营学校', NULL, '叶县任店镇灰河营村', NULL, '210', '410422000000', '河南省平顶山市叶县教育局', '410422000000', '河南省平顶山市叶县教育局', '218', '111', '杨靖宇', NULL, '8682034', NULL, NULL, NULL, NULL, NULL, NULL, NULL, NULL, NULL, NULL, NULL, NULL, NULL, NULL, NULL, NULL, NULL, NULL, NULL, 113, 33, NULL, NULL, NULL, NULL, NULL, NULL, NULL, NULL, NULL, NULL, NULL, NULL, '1', NULL, NULL, NULL, '7253', '20180627 15:18:35', '7253', '2019-01-28 19:30:12', NULL, NULL, '410422101000', '666');
INSERT INTO `xx_jbxx` VALUES ('8590acda98f045ff881dcbe3cb1cd481', '2141010572', '叶县马庄回族乡小河赵学校', NULL, '叶县马庄乡小河赵村', NULL, '112', '410422000000', '河南省平顶山市叶县教育局', '410422000000', '河南省平顶山市叶县教育局', '211', '111', '张红军', NULL, '8709355', NULL, NULL, NULL, NULL, NULL, NULL, NULL, NULL, NULL, NULL, NULL, NULL, NULL, NULL, NULL, NULL, NULL, NULL, NULL, 113, 33, NULL, NULL, NULL, NULL, NULL, NULL, NULL, NULL, NULL, NULL, NULL, NULL, '1', NULL, NULL, NULL, '7353', '20180627 17:14:30', '7353', '2019-01-28 19:30:12', NULL, NULL, '410422203000', '781');
INSERT INTO `xx_jbxx` VALUES ('86d1ca38d64046b88d94d9767039686b', '2141012982', '叶县仙台镇娄庄学校', NULL, '叶县仙台镇娄庄村', NULL, '220', '410422000000', '河南省平顶山市叶县教育局', '410422000000', '河南省平顶山市叶县教育局', '211', '111', '苏向丽', NULL, '8507003', NULL, NULL, NULL, NULL, NULL, NULL, NULL, NULL, NULL, NULL, NULL, NULL, NULL, NULL, NULL, NULL, NULL, NULL, NULL, 113, 33, NULL, NULL, NULL, NULL, NULL, NULL, NULL, NULL, NULL, NULL, NULL, NULL, '1', NULL, NULL, NULL, '7353', '20180627 17:15:06', '7353', '2019-01-28 19:30:12', NULL, NULL, '410422103000', '805');
INSERT INTO `xx_jbxx` VALUES ('870962e2a85546d8a1807d8c08c0d245', '2141012991', '叶县仙台镇扁担李学校', NULL, '仙台镇扁担李村', NULL, '220', '410422000000', '河南省平顶山市叶县教育局', '410422000000', '河南省平顶山市叶县教育局', '211', '111', '乔晓丽', NULL, '8507003', NULL, NULL, NULL, NULL, NULL, NULL, NULL, NULL, NULL, NULL, NULL, NULL, NULL, NULL, NULL, NULL, NULL, NULL, NULL, 113, 33, NULL, NULL, NULL, NULL, NULL, NULL, NULL, NULL, NULL, NULL, NULL, NULL, '1', NULL, NULL, NULL, '7353', '20180627 17:15:09', '7353', '2019-01-28 19:30:12', NULL, NULL, '410422103000', '814');
INSERT INTO `xx_jbxx` VALUES ('873742705f3d42e58568795f83caa777', '3141002283', '叶县田庄乡第二初级中学', NULL, '河南省平顶山市叶县田庄乡孙娄庄村委会  ', NULL, '122', '410422000000', '河南省平顶山市叶县教育局', '410422000000', '河南省平顶山市叶县教育局', '311', '111', '付东瑞', NULL, '13938652682', NULL, NULL, NULL, NULL, NULL, NULL, NULL, NULL, NULL, NULL, NULL, NULL, NULL, NULL, NULL, NULL, NULL, NULL, NULL, 113, 33, NULL, NULL, NULL, NULL, NULL, NULL, NULL, NULL, NULL, NULL, NULL, NULL, '1', NULL, NULL, NULL, '7253', '20180626 20:42:03', '7253', '2019-01-28 19:30:12', NULL, NULL, '410422204000', '328');
INSERT INTO `xx_jbxx` VALUES ('87e45b31ee01416fb9b58e6fda541753', '2141010063', '叶县辛店镇东白庄小学', NULL, '叶县辛店镇东白庄村', NULL, '220', '410422000000', '河南省平顶山市叶县教育局', '410422000000', '河南省平顶山市叶县教育局', '218', '111', '娄红伟', NULL, '8848658', NULL, NULL, NULL, NULL, NULL, NULL, NULL, NULL, NULL, NULL, NULL, NULL, NULL, NULL, NULL, NULL, NULL, NULL, NULL, 113, 33, NULL, NULL, NULL, NULL, NULL, NULL, NULL, NULL, NULL, NULL, NULL, NULL, '1', NULL, NULL, NULL, '7254', '20180627 10:38:57', '7254', '2019-01-28 19:30:12', NULL, NULL, '410422108000', '455');
INSERT INTO `xx_jbxx` VALUES ('88f08873018b43fa8e1f46950e76239a', '2141004550', '叶县龙泉小学', NULL, '叶县龙泉乡龙泉村', NULL, '210', '410422000000', '河南省平顶山市叶县教育局', '410422000000', '河南省平顶山市叶县教育局', '211', '111', '李振红', NULL, '8538206', NULL, NULL, NULL, NULL, NULL, NULL, NULL, NULL, NULL, NULL, NULL, NULL, NULL, NULL, NULL, NULL, NULL, NULL, NULL, 113, 33, NULL, NULL, NULL, NULL, NULL, NULL, NULL, NULL, NULL, NULL, NULL, NULL, '1', NULL, NULL, NULL, '7254', '20180626 20:21:08', '7254', '2019-01-28 19:30:12', NULL, NULL, '410422207000', '320');
INSERT INTO `xx_jbxx` VALUES ('88f71878b1e1451f80c5c57a4f208458', '2141007113', '叶县夏李乡牛头里小学', NULL, '河南省平顶山市叶县夏李乡牛头里村', NULL, '220', '410422000000', '河南省平顶山市叶县教育局', '410422000000', '河南省平顶山市叶县教育局', '218', '111', '朱刚', NULL, '8754511', NULL, NULL, NULL, NULL, NULL, NULL, NULL, NULL, NULL, NULL, NULL, NULL, NULL, NULL, NULL, NULL, NULL, NULL, NULL, 113, 33, NULL, NULL, NULL, NULL, NULL, NULL, NULL, NULL, NULL, NULL, NULL, NULL, '1', NULL, NULL, NULL, '7254', '20180626 20:55:24', '7254', '2019-01-28 19:30:12', NULL, NULL, '410422201000', '387');
INSERT INTO `xx_jbxx` VALUES ('896280953c174902867611fceb0c163f', '2141011821', '叶县城关乡郑庄小学', NULL, '叶县盐都街道办事处郑庄村', NULL, '121', '410422000000', '河南省平顶山市叶县教育局', '410422000000', '河南省平顶山市叶县教育局', '211', '111', '郑大榜', NULL, '13703407285', NULL, NULL, NULL, NULL, NULL, NULL, NULL, NULL, NULL, NULL, NULL, NULL, NULL, NULL, NULL, NULL, NULL, NULL, NULL, 113, 33, NULL, NULL, NULL, NULL, NULL, NULL, NULL, NULL, NULL, NULL, NULL, NULL, '1', NULL, NULL, NULL, '7353', '20180627 17:15:48', '7353', '2019-01-28 19:30:12', NULL, NULL, '410422003000', '833');
INSERT INTO `xx_jbxx` VALUES ('89fa190e6ec34fe8a48ce906c9535b52', '3441000096', '叶县第二高级中学', NULL, '河南省平顶山市叶县昆阳镇西菜园', NULL, '122', '410422000000', '河南省平顶山市叶县教育局', '410422000000', '河南省平顶山市叶县教育局', '342', '111', '赵俊民', NULL, '8059786', NULL, NULL, NULL, NULL, NULL, NULL, NULL, NULL, NULL, NULL, NULL, NULL, NULL, NULL, NULL, NULL, NULL, NULL, NULL, 113, 33, NULL, NULL, NULL, NULL, NULL, NULL, NULL, NULL, NULL, NULL, NULL, NULL, '1', NULL, NULL, NULL, '7253', '20180626 20:58:47', '7253', '2019-01-28 19:30:12', NULL, NULL, '410422001000', '344');
INSERT INTO `xx_jbxx` VALUES ('8a4a6294e642435fab60950ebda10f85', '2141015937', '叶县常村镇罗圈湾学校', NULL, '叶县常村镇罗圈湾村', NULL, '220', '410422000000', '河南省平顶山市叶县教育局', '410422000000', '河南省平顶山市叶县教育局', '211', '111', '吴恩盈', NULL, '8990089', NULL, NULL, NULL, NULL, NULL, NULL, NULL, NULL, NULL, NULL, NULL, NULL, NULL, NULL, NULL, NULL, NULL, NULL, NULL, 113, 33, NULL, NULL, NULL, NULL, NULL, NULL, NULL, NULL, NULL, NULL, NULL, NULL, '1', NULL, NULL, NULL, '7254', '20180627 14:08:11', '7254', '2019-01-28 19:30:12', NULL, NULL, '410422107000', '488');
INSERT INTO `xx_jbxx` VALUES ('8aa1323913464ebf997101c6d17665ba', '2141015438', '叶县田庄乡宋庄村小学', NULL, '河南省平顶山市叶县田庄乡宋庄村委会  ', NULL, '220', '410422000000', '河南省平顶山市叶县教育局', '410422000000', '河南省平顶山市叶县教育局', '218', '111', '马国跃', NULL, '15937586859', NULL, NULL, NULL, NULL, NULL, NULL, NULL, NULL, NULL, NULL, NULL, NULL, NULL, NULL, NULL, NULL, NULL, NULL, NULL, 113, 33, NULL, NULL, NULL, NULL, NULL, NULL, NULL, NULL, NULL, NULL, NULL, NULL, '1', NULL, NULL, NULL, '7253', '20181016 16:59:58', '7253', '2019-01-28 19:30:12', NULL, NULL, '410422204000', '846');
INSERT INTO `xx_jbxx` VALUES ('8af571befc8e47349b3203c177956757', '2141011473', '叶县廉村镇东韩庄小学', NULL, '河南省平顶山市叶县廉村镇东韩庄村', NULL, '220', '410422000000', '河南省平顶山市叶县教育局', '410422000000', '河南省平顶山市叶县教育局', '218', '111', '韩书雅', NULL, '8551516', NULL, NULL, NULL, NULL, NULL, NULL, NULL, NULL, NULL, NULL, NULL, NULL, NULL, NULL, NULL, NULL, NULL, NULL, NULL, 113, 33, NULL, NULL, NULL, NULL, NULL, NULL, NULL, NULL, NULL, NULL, NULL, NULL, '1', NULL, NULL, NULL, '7353', '20180627 17:14:15', '7353', '2019-01-28 19:30:12', NULL, NULL, '410422106000', '772');
INSERT INTO `xx_jbxx` VALUES ('8b6d15d267a2469ab209bfc366b97950', '2141011905', '叶县城关乡韩丰小学', NULL, '叶县城关乡韩奉村', NULL, '220', '410422000000', '河南省平顶山市叶县教育局', '410422000000', '河南省平顶山市叶县教育局', '211', '111', '徐颖勋', NULL, '8057082', NULL, NULL, NULL, NULL, NULL, NULL, NULL, NULL, NULL, NULL, NULL, NULL, NULL, NULL, NULL, NULL, NULL, NULL, NULL, 113, 33, NULL, NULL, NULL, NULL, NULL, NULL, NULL, NULL, NULL, NULL, NULL, NULL, '1', NULL, NULL, NULL, '7353', '20180627 17:13:36', '7353', '2019-01-28 19:30:12', NULL, NULL, '410422001000', '750');
INSERT INTO `xx_jbxx` VALUES ('8c469cec45f74bb39a26d41d92a92e57', '2141015975', '叶县常村镇常村学校暖泉教学点', NULL, '叶县常村镇暖泉村', NULL, '220', '410422000000', '河南省平顶山市叶县教育局', '410422000000', '河南省平顶山市叶县教育局', '218', '111', '李双', NULL, '8790089', NULL, NULL, NULL, NULL, NULL, NULL, NULL, NULL, NULL, NULL, NULL, NULL, NULL, NULL, NULL, NULL, NULL, NULL, NULL, 113, 33, NULL, NULL, NULL, NULL, NULL, NULL, NULL, NULL, NULL, NULL, NULL, NULL, '1', NULL, NULL, NULL, '7253', '20180627 10:02:10', '7253', '2019-01-28 19:30:12', NULL, NULL, '410422107000', '428');
INSERT INTO `xx_jbxx` VALUES ('8d5c89d9f34f49158d6095efc9623fdf', '2141015935', '叶县常村镇文集学校', NULL, '叶县常村镇文集村', NULL, '122', '410422000000', '河南省平顶山市叶县教育局', '410422000000', '河南省平顶山市叶县教育局', '211', '111', '黄士钦', NULL, '8790089', NULL, NULL, NULL, NULL, NULL, NULL, NULL, NULL, NULL, NULL, NULL, NULL, NULL, NULL, NULL, NULL, NULL, NULL, NULL, 113, 33, NULL, NULL, NULL, NULL, NULL, NULL, NULL, NULL, NULL, NULL, NULL, NULL, '1', NULL, NULL, NULL, '7254', '20180627 14:06:46', '7254', '2019-01-28 19:30:12', NULL, NULL, '410422107000', '486');
INSERT INTO `xx_jbxx` VALUES ('8dc2a666475b4adbbb75b941717b89c9', '2141017115', '叶县田庄乡岗马小学', NULL, '河南省平顶山市叶县岗马村委会  ', NULL, '220', '410422000000', '河南省平顶山市叶县教育局', '410422000000', '河南省平顶山市叶县教育局', '218', '111', '田书琴', NULL, '13939959365', NULL, NULL, NULL, NULL, NULL, NULL, NULL, NULL, NULL, NULL, NULL, NULL, NULL, NULL, NULL, NULL, NULL, NULL, NULL, 113, 33, NULL, NULL, NULL, NULL, NULL, NULL, NULL, NULL, NULL, NULL, NULL, NULL, '1', NULL, NULL, NULL, '7253', '20180627 15:36:39', '7253', '2019-01-28 19:30:12', NULL, NULL, '410422204000', '677');
INSERT INTO `xx_jbxx` VALUES ('8dde1d567f7f4482b6edd86108986e5b', '2141011290', '叶县廉村镇老龚庄小学', NULL, '叶县廉村镇老龚庄村', NULL, '220', '410422000000', '河南省平顶山市叶县教育局', '410422000000', '河南省平顶山市叶县教育局', '211', '111', '贺香歌', NULL, '8557661', NULL, NULL, NULL, NULL, NULL, NULL, NULL, NULL, NULL, NULL, NULL, NULL, NULL, NULL, NULL, NULL, NULL, NULL, NULL, 113, 33, NULL, NULL, NULL, NULL, NULL, NULL, NULL, NULL, NULL, NULL, NULL, NULL, '1', NULL, NULL, NULL, '7353', '20180627 17:14:11', '7353', '2019-01-28 19:30:12', NULL, NULL, '410422106000', '758');
INSERT INTO `xx_jbxx` VALUES ('8e772a8a57e44bae9c9aca59b3c00809', '2141010084', '叶县辛店镇东柳庄小学', NULL, '叶县辛店镇东柳庄村', NULL, '220', '410422000000', '河南省平顶山市叶县教育局', '410422000000', '河南省平顶山市叶县教育局', '211', '111', '杜凯鹤', NULL, '8848658', NULL, NULL, NULL, NULL, NULL, NULL, NULL, NULL, NULL, NULL, NULL, NULL, NULL, NULL, NULL, NULL, NULL, NULL, NULL, 113, 33, NULL, NULL, NULL, NULL, NULL, NULL, NULL, NULL, NULL, NULL, NULL, NULL, '1', NULL, NULL, NULL, '7254', '20180627 10:46:31', '7254', '2019-01-28 19:30:12', NULL, NULL, '410422108000', '461');
INSERT INTO `xx_jbxx` VALUES ('8e872842d461455181010ece74e88827', '2141018177', '叶县龚店乡常李小学', NULL, '叶县龚店乡常李村', NULL, '220', '410422000000', '河南省平顶山市叶县教育局', '410422000000', '河南省平顶山市叶县教育局', '218', '111', '孙亚丽', NULL, '7268256', NULL, NULL, NULL, NULL, NULL, NULL, NULL, NULL, NULL, NULL, NULL, NULL, NULL, NULL, NULL, NULL, NULL, NULL, NULL, 113, 33, NULL, NULL, NULL, NULL, NULL, NULL, NULL, NULL, NULL, NULL, NULL, NULL, '1', NULL, NULL, NULL, '7253', '20180627 14:31:20', '7253', '2019-01-28 19:30:12', NULL, NULL, '410422205000', '561');
INSERT INTO `xx_jbxx` VALUES ('8ecba7097dc14f8eb54b8d1813a6fdbe', '2141010117', '叶县辛店镇实验学校', NULL, '叶县辛店镇辛店村', NULL, '121', '410422000000', '河南省平顶山市叶县教育局', '410422000000', '河南省平顶山市叶县教育局', '211', '111', '马文超', NULL, '8848658', NULL, NULL, NULL, NULL, NULL, NULL, NULL, NULL, NULL, NULL, NULL, NULL, NULL, NULL, NULL, NULL, NULL, NULL, NULL, 113, 33, NULL, NULL, NULL, NULL, NULL, NULL, NULL, NULL, NULL, NULL, NULL, NULL, '1', NULL, NULL, NULL, '7254', '20180627 10:55:24', '7254', '2019-01-28 19:30:12', NULL, NULL, '410422108000', '475');
INSERT INTO `xx_jbxx` VALUES ('8f61ec16809f4cb581e2562bfba213fc', '2141021930', '叶县廉村镇甘刘小学', NULL, '河南省平顶山市叶县廉村镇甘刘村', NULL, '220', '410422000000', '河南省平顶山市叶县教育局', '410422000000', '河南省平顶山市叶县教育局', '218', '111', '裴军正', NULL, '8555356', NULL, NULL, NULL, NULL, NULL, NULL, NULL, NULL, NULL, NULL, NULL, NULL, NULL, NULL, NULL, NULL, NULL, NULL, NULL, 113, 33, NULL, NULL, NULL, NULL, NULL, NULL, NULL, NULL, NULL, NULL, NULL, NULL, '1', NULL, NULL, NULL, '7253', '20180627 15:05:31', '7253', '2019-01-28 19:30:12', NULL, NULL, '410422106000', '658');
INSERT INTO `xx_jbxx` VALUES ('8fa8313ddd644677b735b66338cb2d57', '2141004568', '叶县龙泉权印小学郭吕庄教学点', NULL, '叶县龙泉乡郭吕庄村', NULL, '220', '410422000000', '河南省平顶山市叶县教育局', '410422000000', '河南省平顶山市叶县教育局', '218', '111', '孔跃芳', NULL, '8538206', NULL, NULL, NULL, NULL, NULL, NULL, NULL, NULL, NULL, NULL, NULL, NULL, NULL, NULL, NULL, NULL, NULL, NULL, NULL, 113, 33, NULL, NULL, NULL, NULL, NULL, NULL, NULL, NULL, NULL, NULL, NULL, NULL, '1', NULL, NULL, NULL, '7254', '20180626 20:26:07', '7254', '2019-01-28 19:30:12', NULL, NULL, '410422207000', '363');
INSERT INTO `xx_jbxx` VALUES ('905c737c8a38483e8dbaeada5e962ba3', '2141009308', '叶县水寨乡霍张学校', NULL, '叶县水寨乡霍姚村', NULL, '220', '410422000000', '河南省平顶山市叶县教育局', '410422000000', '河南省平顶山市叶县教育局', '211', '111', '华要然', NULL, '8598121', NULL, NULL, NULL, NULL, NULL, NULL, NULL, NULL, NULL, NULL, NULL, NULL, NULL, NULL, NULL, NULL, NULL, NULL, NULL, 113, 33, NULL, NULL, NULL, NULL, NULL, NULL, NULL, NULL, NULL, NULL, NULL, NULL, '1', NULL, NULL, NULL, '7254', '20180627 09:56:58', '7254', '2019-01-28 19:30:12', NULL, NULL, '410422208000', '427');
INSERT INTO `xx_jbxx` VALUES ('90f2432514424f9293f8667bf18a1a8f', '2141015124', '叶县任店镇郭营学校', NULL, '叶县任店镇郭营村', NULL, '220', '410422000000', '河南省平顶山市叶县教育局', '410422000000', '河南省平顶山市叶县教育局', '218', '111', '王仁飞', NULL, '8682034', NULL, NULL, NULL, NULL, NULL, NULL, NULL, NULL, NULL, NULL, NULL, NULL, NULL, NULL, NULL, NULL, NULL, NULL, NULL, 113, 33, NULL, NULL, NULL, NULL, NULL, NULL, NULL, NULL, NULL, NULL, NULL, NULL, '1', NULL, NULL, NULL, '7353', '20180627 17:14:47', '7353', '2019-01-28 19:30:12', NULL, NULL, '410422101000', '791');
INSERT INTO `xx_jbxx` VALUES ('90fab2b8d3664f40ab5e0057b35ce648', '3141002844', '叶县实验学校', NULL, '叶县新文化路中段', NULL, '121', '410422000000', '河南省平顶山市叶县教育局', '410422000000', '河南省平顶山市叶县教育局', '312', '111', '韩振杰', NULL, '7275688', NULL, NULL, NULL, NULL, NULL, NULL, NULL, NULL, NULL, NULL, NULL, NULL, NULL, NULL, NULL, NULL, NULL, NULL, NULL, 113, 33, NULL, NULL, NULL, NULL, NULL, NULL, NULL, NULL, NULL, NULL, NULL, NULL, '1', NULL, NULL, NULL, '7253', '20180626 20:53:06', '7253', '2019-01-28 19:30:12', NULL, NULL, '410422001000', '380');
INSERT INTO `xx_jbxx` VALUES ('9192871c0d5f481abaf2957b5e36ab94', '3141002010', '叶县金大陆鸿源学校', NULL, '叶县东环路中段', NULL, '121', '410422000000', '河南省平顶山市叶县教育局', '410422000000', '河南省平顶山市叶县教育局', '312', '111', '彭春阳', NULL, '7317999', NULL, NULL, NULL, NULL, NULL, NULL, NULL, NULL, NULL, NULL, NULL, NULL, NULL, NULL, NULL, NULL, NULL, NULL, NULL, 113, 33, NULL, NULL, NULL, NULL, NULL, NULL, NULL, NULL, NULL, NULL, NULL, NULL, '1', NULL, NULL, NULL, '7253', '20180626 20:52:26', '7253', '2019-01-28 19:30:12', NULL, NULL, '410422003000', '337');
INSERT INTO `xx_jbxx` VALUES ('92e6ea83fc2b4758a62953906822406a', '2141015941', '叶县常村镇响堂学校', NULL, '叶县常村镇响堂村', NULL, '220', '410422000000', '河南省平顶山市叶县教育局', '410422000000', '河南省平顶山市叶县教育局', '218', '111', '孙贝贝', NULL, '8790089', NULL, NULL, NULL, NULL, NULL, NULL, NULL, NULL, NULL, NULL, NULL, NULL, NULL, NULL, NULL, NULL, NULL, NULL, NULL, 113, 33, NULL, NULL, NULL, NULL, NULL, NULL, NULL, NULL, NULL, NULL, NULL, NULL, '1', NULL, NULL, NULL, '7353', '20180627 17:12:23', '7353', '2019-01-28 19:30:12', NULL, NULL, '410422107000', '715');
INSERT INTO `xx_jbxx` VALUES ('9357450dda094293b2486de4688061ee', '2141011402', '叶县廉村镇桥陈小学', NULL, '河南省平顶山市叶县廉村镇桥陈村', NULL, '220', '410422000000', '河南省平顶山市叶县教育局', '410422000000', '河南省平顶山市叶县教育局', '211', '111', '陈彦彪', NULL, '8550828', NULL, NULL, NULL, NULL, NULL, NULL, NULL, NULL, NULL, NULL, NULL, NULL, NULL, NULL, NULL, NULL, NULL, NULL, NULL, 113, 33, NULL, NULL, NULL, NULL, NULL, NULL, NULL, NULL, NULL, NULL, NULL, NULL, '1', NULL, NULL, NULL, '7353', '20180627 17:14:13', '7353', '2019-01-28 19:30:12', NULL, NULL, '410422106000', '764');
INSERT INTO `xx_jbxx` VALUES ('94c0fdb47de04caab5252a51dbe0897d', '2141015949', '叶县常村镇五间房学校', NULL, '叶县常村镇五间房村', NULL, '220', '410422000000', '河南省平顶山市叶县教育局', '410422000000', '河南省平顶山市叶县教育局', '211', '111', '赵建成', NULL, '8790089', NULL, NULL, NULL, NULL, NULL, NULL, NULL, NULL, NULL, NULL, NULL, NULL, NULL, NULL, NULL, NULL, NULL, NULL, NULL, 113, 33, NULL, NULL, NULL, NULL, NULL, NULL, NULL, NULL, NULL, NULL, NULL, NULL, '1', NULL, NULL, NULL, '7353', '20180627 17:12:26', '7353', '2019-01-28 19:30:12', NULL, NULL, '410422107000', '720');
INSERT INTO `xx_jbxx` VALUES ('94df0ed3a8f3476782adb8c4a2ae42c9', '2141009360', '叶县水寨乡关庙李小学', NULL, '叶县水寨乡关庙李村', NULL, '220', '410422000000', '河南省平顶山市叶县教育局', '410422000000', '河南省平顶山市叶县教育局', '218', '111', '刘喜先', NULL, '8598121', NULL, NULL, NULL, NULL, NULL, NULL, NULL, NULL, NULL, NULL, NULL, NULL, NULL, NULL, NULL, NULL, NULL, NULL, NULL, 113, 33, NULL, NULL, NULL, NULL, NULL, NULL, NULL, NULL, NULL, NULL, NULL, NULL, '1', NULL, NULL, NULL, '7254', '20180627 10:33:58', '7254', '2019-01-28 19:30:12', NULL, NULL, '410422208000', '449');
INSERT INTO `xx_jbxx` VALUES ('953799277a3f45ac8fe9cea2b8e2cac2', '2141011839', '叶县城关乡曹庄小学', NULL, '叶县城关乡曹庄', NULL, '112', '410422000000', '河南省平顶山市叶县教育局', '410422000000', '河南省平顶山市叶县教育局', '211', '111', '韩振杰', NULL, '7275688', NULL, NULL, NULL, NULL, NULL, NULL, NULL, NULL, NULL, NULL, NULL, NULL, NULL, NULL, NULL, NULL, NULL, NULL, NULL, 113, 33, NULL, NULL, NULL, NULL, NULL, NULL, NULL, NULL, NULL, NULL, NULL, NULL, '1', NULL, NULL, NULL, '7353', '20180627 17:15:49', '7353', '2019-01-28 19:30:12', NULL, NULL, '410422003000', '837');
INSERT INTO `xx_jbxx` VALUES ('958b77f9382e431e92aef9ae6f826891', '2141017618', '叶县洪庄杨乡蒋湾教学点', NULL, '洪庄杨乡蒋湾村', NULL, '220', '410422000000', '河南省平顶山市叶县教育局', '410422000000', '河南省平顶山市叶县教育局', '218', '111', '孙国芳', NULL, '13733930686', NULL, NULL, NULL, NULL, NULL, NULL, NULL, NULL, NULL, NULL, NULL, NULL, NULL, NULL, NULL, NULL, NULL, NULL, NULL, 113, 33, NULL, NULL, NULL, NULL, NULL, NULL, NULL, NULL, NULL, NULL, NULL, NULL, '1', NULL, NULL, NULL, '7253', '20180627 14:52:13', '7253', '2019-01-28 19:30:12', NULL, NULL, '410422109000', '653');
INSERT INTO `xx_jbxx` VALUES ('96e2cf11734a47a4b06317fcefb583da', '2141015933', '叶县常村镇常村学校', NULL, '叶县常村镇常村村', NULL, '122', '410422000000', '河南省平顶山市叶县教育局', '410422000000', '河南省平顶山市叶县教育局', '211', '111', '赵西川', NULL, '8788089', NULL, NULL, NULL, NULL, NULL, NULL, NULL, NULL, NULL, NULL, NULL, NULL, NULL, NULL, NULL, NULL, NULL, NULL, NULL, 113, 33, NULL, NULL, NULL, NULL, NULL, NULL, NULL, NULL, NULL, NULL, NULL, NULL, '1', NULL, NULL, NULL, '7254', '20180627 14:05:38', '7254', '2019-01-28 19:30:12', NULL, NULL, '410422107000', '485');
INSERT INTO `xx_jbxx` VALUES ('9806d1dbd8b34eeb8cca656a835dd680', '2141020027', '叶县保安镇庙岗村小学', NULL, '叶县保安镇庙岗村', NULL, '220', '410422000000', '河南省平顶山市叶县教育局', '410422000000', '河南省平顶山市叶县教育局', '218', '111', '曲卫华', NULL, '8829818', NULL, NULL, NULL, NULL, NULL, NULL, NULL, NULL, NULL, NULL, NULL, NULL, NULL, NULL, NULL, NULL, NULL, NULL, NULL, 113, 33, NULL, NULL, NULL, NULL, NULL, NULL, NULL, NULL, NULL, NULL, NULL, NULL, '1', NULL, NULL, NULL, '7253', '20180627 12:39:11', '7253', '2019-01-28 19:30:12', NULL, NULL, '410422102000', '481');
INSERT INTO `xx_jbxx` VALUES ('9808c8d89b5b4ff186235d7e1c110907', '2141004553', '叶县龙泉雷岗小学', NULL, '叶县龙泉雷岗村', NULL, '220', '410422000000', '河南省平顶山市叶县教育局', '410422000000', '河南省平顶山市叶县教育局', '211', '111', '郭晓辉', NULL, '8538206', NULL, NULL, NULL, NULL, NULL, NULL, NULL, NULL, NULL, NULL, NULL, NULL, NULL, NULL, NULL, NULL, NULL, NULL, NULL, 113, 33, NULL, NULL, NULL, NULL, NULL, NULL, NULL, NULL, NULL, NULL, NULL, NULL, '1', NULL, NULL, NULL, '7254', '20180626 20:22:54', '7254', '2019-01-28 19:30:12', NULL, NULL, '410422207000', '321');
INSERT INTO `xx_jbxx` VALUES ('98322be33044459fa51d7f433bd7573a', '2141005944', '叶县叶邑镇杜庄小学', NULL, '叶县叶邑镇杜庄村', NULL, '220', '410422000000', '河南省平顶山市叶县教育局', '410422000000', '河南省平顶山市叶县教育局', '211', '111', '薛朝杰', NULL, '7275959', NULL, NULL, NULL, NULL, NULL, NULL, NULL, NULL, NULL, NULL, NULL, NULL, NULL, NULL, NULL, NULL, NULL, NULL, NULL, 113, 33, NULL, NULL, NULL, NULL, NULL, NULL, NULL, NULL, NULL, NULL, NULL, NULL, '1', NULL, NULL, NULL, '7254', '20180627 14:45:43', '7254', '2019-01-28 19:30:12', NULL, NULL, '410422105000', '646');
INSERT INTO `xx_jbxx` VALUES ('99c21aee84904de8964c5193c4831760', '2141018171', '叶县龚店乡后棠小学', NULL, '叶县龚店乡后棠村', NULL, '220', '410422000000', '河南省平顶山市叶县教育局', '410422000000', '河南省平顶山市叶县教育局', '211', '111', '史俊超', NULL, '7268256', NULL, NULL, NULL, NULL, NULL, NULL, NULL, NULL, NULL, NULL, NULL, NULL, NULL, NULL, NULL, NULL, NULL, NULL, NULL, 113, 33, NULL, NULL, NULL, NULL, NULL, NULL, NULL, NULL, NULL, NULL, NULL, NULL, '1', NULL, NULL, NULL, '7253', '20180627 14:32:20', '7253', '2019-01-28 19:30:12', NULL, NULL, '410422205000', '605');
INSERT INTO `xx_jbxx` VALUES ('99d08c807b0c460a95e8522fff585797', '2141015936', '叶县常村镇尹湾学校', NULL, '叶县常村镇尹湾村', NULL, '220', '410422000000', '河南省平顶山市叶县教育局', '410422000000', '河南省平顶山市叶县教育局', '211', '111', '董丹', NULL, '8790089', NULL, NULL, NULL, NULL, NULL, NULL, NULL, NULL, NULL, NULL, NULL, NULL, NULL, NULL, NULL, NULL, NULL, NULL, NULL, 113, 33, NULL, NULL, NULL, NULL, NULL, NULL, NULL, NULL, NULL, NULL, NULL, NULL, '1', NULL, NULL, NULL, '7254', '20180627 14:07:36', '7254', '2019-01-28 19:30:12', NULL, NULL, '410422107000', '487');
INSERT INTO `xx_jbxx` VALUES ('9c42176b37e04b1a82c9917efcf47841', '2141015980', '叶县常村镇金沟学校柴巴教学点', NULL, '叶县常村镇柴巴村', NULL, '220', '410422000000', '河南省平顶山市叶县教育局', '410422000000', '河南省平顶山市叶县教育局', '218', '111', '史玉良', NULL, '8790089', NULL, NULL, NULL, NULL, NULL, NULL, NULL, NULL, NULL, NULL, NULL, NULL, NULL, NULL, NULL, NULL, NULL, NULL, NULL, 113, 33, NULL, NULL, NULL, NULL, NULL, NULL, NULL, NULL, NULL, NULL, NULL, NULL, '1', NULL, NULL, NULL, '7253', '20180627 10:03:06', '7253', '2019-01-28 19:30:12', NULL, NULL, '410422107000', '429');
INSERT INTO `xx_jbxx` VALUES ('9f349e2746e240b3b0d456312fd581f1', '2141021829', '叶县城关乡三里湾小学', NULL, '叶县城关乡三里湾学校', NULL, '122', '410422000000', '河南省平顶山市叶县教育局', '410422000000', '河南省平顶山市叶县教育局', '211', '111', '胡兰涛', NULL, '8057082', NULL, NULL, NULL, NULL, NULL, NULL, NULL, NULL, NULL, NULL, NULL, NULL, NULL, NULL, NULL, NULL, NULL, NULL, NULL, 113, 33, NULL, NULL, NULL, NULL, NULL, NULL, NULL, NULL, NULL, NULL, NULL, NULL, '1', NULL, NULL, NULL, '7253', '20180627 16:50:56', '7253', '2019-01-28 19:30:12', NULL, NULL, '410422002000', '709');
INSERT INTO `xx_jbxx` VALUES ('9fbc9cf24948478ea61b7e49cb4c4782', '2141010113', '叶县辛店镇杨茂吴小学', NULL, '叶县辛店镇杨茂吴村', NULL, '220', '410422000000', '河南省平顶山市叶县教育局', '410422000000', '河南省平顶山市叶县教育局', '211', '111', '晋长山', NULL, '8848658', NULL, NULL, NULL, NULL, NULL, NULL, NULL, NULL, NULL, NULL, NULL, NULL, NULL, NULL, NULL, NULL, NULL, NULL, NULL, 113, 33, NULL, NULL, NULL, NULL, NULL, NULL, NULL, NULL, NULL, NULL, NULL, NULL, '1', NULL, NULL, NULL, '7254', '20180627 10:54:31', '7254', '2019-01-28 19:30:12', NULL, NULL, '410422108000', '473');
INSERT INTO `xx_jbxx` VALUES ('a0af2e3151f04609a6f1a866846b400d', '2141005914', '叶县叶邑镇安庄小学', NULL, '叶县叶邑镇安庄村', NULL, '220', '410422000000', '河南省平顶山市叶县教育局', '410422000000', '河南省平顶山市叶县教育局', '211', '111', '徐德乾', NULL, '7275959', NULL, NULL, NULL, NULL, NULL, NULL, NULL, NULL, NULL, NULL, NULL, NULL, NULL, NULL, NULL, NULL, NULL, NULL, NULL, 113, 33, NULL, NULL, NULL, NULL, NULL, NULL, NULL, NULL, NULL, NULL, NULL, NULL, '1', NULL, NULL, NULL, '7254', '20180627 14:43:27', '7254', '2019-01-28 19:30:12', NULL, NULL, '410422105000', '641');
INSERT INTO `xx_jbxx` VALUES ('a100707f70874e3fa4631232aca5aa31', '2141011785', '叶县城关乡程寨小学', NULL, '叶县盐都街道办事处程寨村', NULL, '112', '410422000000', '河南省平顶山市叶县教育局', '410422000000', '河南省平顶山市叶县教育局', '211', '111', '王艳芳', NULL, '13783234291', NULL, NULL, NULL, NULL, NULL, NULL, NULL, NULL, NULL, NULL, NULL, NULL, NULL, NULL, NULL, NULL, NULL, NULL, NULL, 113, 33, NULL, NULL, NULL, NULL, NULL, NULL, NULL, NULL, NULL, NULL, NULL, NULL, '1', NULL, NULL, NULL, '7353', '20180627 17:15:47', '7353', '2019-01-28 19:30:12', NULL, NULL, '410422003000', '831');
INSERT INTO `xx_jbxx` VALUES ('a1971686c7134d668e5f41caa9220286', '2141015131', '叶县任店镇屈庄小学', NULL, '叶县任店镇屈庄村', NULL, '220', '410422000000', '河南省平顶山市叶县教育局', '410422000000', '河南省平顶山市叶县教育局', '218', '111', '李英颖', NULL, '8682034', NULL, NULL, NULL, NULL, NULL, NULL, NULL, NULL, NULL, NULL, NULL, NULL, NULL, NULL, NULL, NULL, NULL, NULL, NULL, 113, 33, NULL, NULL, NULL, NULL, NULL, NULL, NULL, NULL, NULL, NULL, NULL, NULL, '1', NULL, NULL, NULL, '7353', '20180627 17:14:47', '7353', '2019-01-28 19:30:12', NULL, NULL, '410422101000', '792');
INSERT INTO `xx_jbxx` VALUES ('a1cbbf646df241e09dc2b4a6cb56ba9c', '2141015967', '叶县常村镇响唐学校陈庄教学点', NULL, '叶县常村镇陈庄村', NULL, '220', '410422000000', '河南省平顶山市叶县教育局', '410422000000', '河南省平顶山市叶县教育局', '218', '111', '陈文卿', NULL, '8790089', NULL, NULL, NULL, NULL, NULL, NULL, NULL, NULL, NULL, NULL, NULL, NULL, NULL, NULL, NULL, NULL, NULL, NULL, NULL, 113, 33, NULL, NULL, NULL, NULL, NULL, NULL, NULL, NULL, NULL, NULL, NULL, NULL, '1', NULL, NULL, NULL, '7253', '20180627 09:56:02', '7253', '2019-01-28 19:30:12', NULL, NULL, '410422107000', '425');
INSERT INTO `xx_jbxx` VALUES ('a20e8523a2a14be6816a9dabb235d362', '3141003607', '叶县常村镇初级中学', NULL, '叶县常村镇艾小庄村', NULL, '122', '410422000000', '河南省平顶山市叶县教育局', '410422000000', '河南省平顶山市叶县教育局', '311', '111', '窦进鹏', NULL, '8788037', NULL, NULL, NULL, NULL, NULL, NULL, NULL, NULL, NULL, NULL, NULL, NULL, NULL, NULL, NULL, NULL, NULL, NULL, NULL, 113, 33, NULL, NULL, NULL, NULL, NULL, NULL, NULL, NULL, NULL, NULL, NULL, NULL, '1', NULL, NULL, NULL, '7253', '20180626 20:17:45', '7253', '2019-01-28 19:30:12', NULL, NULL, '410422107000', '361');
INSERT INTO `xx_jbxx` VALUES ('a3ff3b6d4f7145d39b19949336fabed6', '2141011315', '叶县廉村镇前崔小学', NULL, '河南省叶县廉村镇前崔村', NULL, '220', '410422000000', '河南省平顶山市叶县教育局', '410422000000', '河南省平顶山市叶县教育局', '211', '111', '崔旭光', NULL, '8054673', NULL, NULL, NULL, NULL, NULL, NULL, NULL, NULL, NULL, NULL, NULL, NULL, NULL, NULL, NULL, NULL, NULL, NULL, NULL, 113, 33, NULL, NULL, NULL, NULL, NULL, NULL, NULL, NULL, NULL, NULL, NULL, NULL, '1', NULL, NULL, NULL, '7353', '20180627 17:14:12', '7353', '2019-01-28 19:30:12', NULL, NULL, '410422106000', '762');
INSERT INTO `xx_jbxx` VALUES ('a550d781a4104a648db82e88e34b5130', '412202111', '测试学校002', NULL, '我心里', NULL, '111', '410422000000', '河南省平顶山市叶县教育局', '410422000000', '河南省平顶山市叶县教育局', '311', '999', 'zomie', NULL, '6025756', NULL, NULL, NULL, NULL, NULL, NULL, NULL, NULL, NULL, NULL, NULL, NULL, NULL, NULL, NULL, NULL, NULL, NULL, NULL, 113, 33, NULL, NULL, NULL, NULL, NULL, NULL, NULL, NULL, NULL, NULL, NULL, NULL, '1', NULL, NULL, NULL, '7258', '20180606 17:43:47', '7253', '2019-01-28 19:30:12', NULL, '学校是叶县唯一的一所县直全日制九年一贯制中、小学校（内设初中部、小学部）。2001年征地建校，2002年秋季开始招生。位于县城文化路中段北侧，占地面积71亩，校舍建筑面积5500平方米，现有教职工76人，任课教师70人，其中本科5人，大专53人，中师 12人，中级职称 15人，初级职称50人，工人6人。现有21个教学班，其中小学阶段17个教学班，初中阶段4个教学班，在校生共1239人。<br />\n该校坚持以德育为首，以教学为中心，以改善办学条件为龙头，以“外树形象、内抓管理”为原则，以全面发展、提高质量、创办特色学校为根本宗旨，深化了教学改革、强化了教学管理，建立健全了考评、激励和竞争机制。素质教育全面推进，办学水平不断提高。教师敬业。学生勤奋，全校上下呈现出一派生机勃勃、昂扬向上的良好势头。建校仅一年多来，已取得骄人成绩，在县组织的中小学书画比赛和小学生毕业调研考试中均名列榜首，“五四”中队、“五六”中队被授予平顶山市“雷锋中队”称号，学校被评为市依法治教先进单位，治理中小学乱收费先进单位，校长韩会广同志被评为市级科技创新和素质教育优秀工作者，副校长李秀花同志被评为市级优秀教师，政教主任蒋联生同志被评为市级德育工作先进个人，教育科研喜结硕果。一年来共撰写科研论文228篇，其中75篇荣获市级论文奖。<br />\nxxx;xxx;拥有一支政治觉悟高、业务素质强、师德形象美的教师队伍，其中省级青年骨干教师3人、市级青年骨干教师11人，省级优质课教师4人，市级优质课教师12人，县级优质课教师17人。<br />\nxxx;xxx;拥有一个“团结、开拓、进取”的富有凝聚力的领导班子，大家共同发出的只有一个声音，就是干工作、拼质量，抱定的只有一个目标，就是办特色、创名校，崇尚的只有一种精神，就是办实事、做真人。<br />\nxxx;xxx;一整套科学的管理制度已经建立健全，学校实行“五化”管理，即领导岗位责任量化、班主任工作量化、教师考评量化、班级检查评比量化、学生表现量化。充分调动了广大教职员工的工作积极性、主动性、创造性，启动了学校活力，各项工作得到协调、健康、有序运行。<br />\nxxx;xxx;兴教育科研之风，走科研兴校之路的氛围已经形成，学校支持“全员搞科研”，组织全体任课教师针对自己教育教学中迫切需要解决的问题，选定自己的课题，科研处每月总结出一期《科研园地》，鼓励全体教师总结经验，撰写论文，形成了浓厚的科研气氛，鼓励全体教师大胆尝试教法。将集知识性和趣味性、直观性为一体的启发式、直观式教学方法广泛运用到课堂教学之中，在小学五年级和初中一年级实行大班分治的改革实验取得显著成效。为大面积提高教育教学质量闯出了新路。致力于构筑学习型教师团队，强力推行“五个一”的科研工程，即每位教师每学期学习一本教育理论专著。每学期整理一本教育科研笔记，每学期上一节教研公开课，每学期撰写一篇科研论文，每学年搞一个教研专题，努力使同志们从“教书匠”向“研究型”、“学者型”的教育专家转变，把叶县实验学校办成了一所教师进修学校，使同志们边工作、边培训、边提高，为叶县教育系统塑造了一支素质高、业务精、作风正、科研型的教师队伍。<br />\nxxx;xxx;<br />', '410422002000', '302');
INSERT INTO `xx_jbxx` VALUES ('a68d103eb6354b3bb6e79d11d478ee8d', '2141005896', '叶县叶邑镇段庄小学', NULL, '叶县叶邑镇段庄村', NULL, '220', '410422000000', '河南省平顶山市叶县教育局', '410422000000', '河南省平顶山市叶县教育局', '211', '111', '朱国玲', NULL, '7275959', NULL, NULL, NULL, NULL, NULL, NULL, NULL, NULL, NULL, NULL, NULL, NULL, NULL, NULL, NULL, NULL, NULL, NULL, NULL, 113, 33, NULL, NULL, NULL, NULL, NULL, NULL, NULL, NULL, NULL, NULL, NULL, NULL, '1', NULL, NULL, NULL, '7254', '20180627 14:35:28', '7254', '2019-01-28 19:30:12', NULL, NULL, '410422105000', '629');
INSERT INTO `xx_jbxx` VALUES ('a6974e6a880b4782bc27a336f359bc5d', '2141025898', '叶县龚店乡汝坟店小学', NULL, '叶县龚店乡汝坟店村', NULL, '122', '410422000000', '河南省平顶山市叶县教育局', '410422000000', '河南省平顶山市叶县教育局', '211', '111', '郑付兴', NULL, '7268256', NULL, NULL, NULL, NULL, NULL, NULL, NULL, NULL, NULL, NULL, NULL, NULL, NULL, NULL, NULL, NULL, NULL, NULL, NULL, 113, 33, NULL, NULL, NULL, NULL, NULL, NULL, NULL, NULL, NULL, NULL, NULL, NULL, '1', NULL, NULL, NULL, '7253', '20180627 14:40:00', '7253', '2019-01-28 19:30:12', NULL, NULL, '410422205000', '633');
INSERT INTO `xx_jbxx` VALUES ('a70fa8252fee423ca84d459c483f4109', '2141004615', '叶县龙泉谢营小学南莫庄教学点', NULL, '叶县龙泉乡南莫庄村', NULL, '220', '410422000000', '河南省平顶山市叶县教育局', '410422000000', '河南省平顶山市叶县教育局', '218', '111', '王聪会', NULL, '8538206', NULL, NULL, NULL, NULL, NULL, NULL, NULL, NULL, NULL, NULL, NULL, NULL, NULL, NULL, NULL, NULL, NULL, NULL, NULL, 113, 33, NULL, NULL, NULL, NULL, NULL, NULL, NULL, NULL, NULL, NULL, NULL, NULL, '1', NULL, NULL, NULL, '7254', '20180626 20:40:35', '7254', '2019-01-28 19:30:12', NULL, NULL, '410422207000', '324');
INSERT INTO `xx_jbxx` VALUES ('a7f2a05669a7491ab769b8090771ee85', '2141011285', '叶县廉村镇谷店小学', NULL, '河南省平顶山叶县廉村镇谷店村', NULL, '220', '410422000000', '河南省平顶山市叶县教育局', '410422000000', '河南省平顶山市叶县教育局', '211', '111', '崔国锋', NULL, '8556378', NULL, NULL, NULL, NULL, NULL, NULL, NULL, NULL, NULL, NULL, NULL, NULL, NULL, NULL, NULL, NULL, NULL, NULL, NULL, 113, 33, NULL, NULL, NULL, NULL, NULL, NULL, NULL, NULL, NULL, NULL, NULL, NULL, '1', NULL, NULL, NULL, '7353', '20180627 17:14:10', '7353', '2019-01-28 19:30:12', NULL, NULL, '410422106000', '756');
INSERT INTO `xx_jbxx` VALUES ('a9897a7da32e4265aaacbd018e2c82c2', '3141003168', '叶县洪庄杨乡初级中学', NULL, '叶县洪庄杨乡洪西村', NULL, '121', '410422000000', '河南省平顶山市叶县教育局', '410422000000', '河南省平顶山市叶县教育局', '311', '111', '杜大超', NULL, '13783251280', NULL, NULL, NULL, NULL, NULL, NULL, NULL, NULL, NULL, NULL, NULL, NULL, NULL, NULL, NULL, NULL, NULL, NULL, NULL, 113, 33, NULL, NULL, NULL, NULL, NULL, NULL, NULL, NULL, NULL, NULL, NULL, NULL, '1', NULL, NULL, NULL, '7253', '20180626 20:45:49', '7253', '2019-01-28 19:30:11', NULL, NULL, '410422109000', '374');
INSERT INTO `xx_jbxx` VALUES ('aa6e9f6a950a4f1aaf25571f420484ef', '2141011422', '叶县廉村镇刘店小学', NULL, '河南省平顶山市叶县廉村镇刘店村', NULL, '220', '410422000000', '河南省平顶山市叶县教育局', '410422000000', '河南省平顶山市叶县教育局', '211', '111', '徐孝丽', NULL, '8052690', NULL, NULL, NULL, NULL, NULL, NULL, NULL, NULL, NULL, NULL, NULL, NULL, NULL, NULL, NULL, NULL, NULL, NULL, NULL, 113, 33, NULL, NULL, NULL, NULL, NULL, NULL, NULL, NULL, NULL, NULL, NULL, NULL, '1', NULL, NULL, NULL, '7353', '20180627 17:14:13', '7353', '2019-01-28 19:30:12', NULL, NULL, '410422106000', '767');
INSERT INTO `xx_jbxx` VALUES ('aa915afbe078484da28f1dfd251fa179', '2141004598', '叶县龙泉权印小学', NULL, '叶县龙泉乡权印村', NULL, '220', '410422000000', '河南省平顶山市叶县教育局', '410422000000', '河南省平顶山市叶县教育局', '211', '111', '吕福江', NULL, '8538206', NULL, NULL, NULL, NULL, NULL, NULL, NULL, NULL, NULL, NULL, NULL, NULL, NULL, NULL, NULL, NULL, NULL, NULL, NULL, 113, 33, NULL, NULL, NULL, NULL, NULL, NULL, NULL, NULL, NULL, NULL, NULL, NULL, '1', NULL, NULL, NULL, '7254', '20180626 20:34:16', '7254', '2019-01-28 19:30:11', NULL, NULL, '410422207000', '311');
INSERT INTO `xx_jbxx` VALUES ('aaee0c098656450aac95b9398fd8819b', '2141003605', '叶县昆英双语学校', NULL, '叶县叶邑镇高道士村', NULL, '220', '410422000000', '河南省平顶山市叶县教育局', '410422000000', '河南省平顶山市叶县教育局', '211', '111', '段梦北', NULL, '7275959', NULL, NULL, NULL, NULL, NULL, NULL, NULL, NULL, NULL, NULL, NULL, NULL, NULL, NULL, NULL, NULL, NULL, NULL, NULL, 113, 33, NULL, NULL, NULL, NULL, NULL, NULL, NULL, NULL, NULL, NULL, NULL, NULL, '1', NULL, NULL, NULL, '7254', '20180626 20:09:40', '7254', '2019-01-28 19:30:12', NULL, NULL, '410422105000', '319');
INSERT INTO `xx_jbxx` VALUES ('ab02080d68de499d8d165b0666558423', '2141017930', '叶县常村镇月台学校大娄庄教学点', NULL, '叶县常村镇大娄庄村', NULL, '220', '410422000000', '河南省平顶山市叶县教育局', '410422000000', '河南省平顶山市叶县教育局', '218', '111', '崔慧娟', NULL, '8790089', NULL, NULL, NULL, NULL, NULL, NULL, NULL, NULL, NULL, NULL, NULL, NULL, NULL, NULL, NULL, NULL, NULL, NULL, NULL, 113, 33, NULL, NULL, NULL, NULL, NULL, NULL, NULL, NULL, NULL, NULL, NULL, NULL, '1', NULL, NULL, NULL, '7253', '20180627 10:55:15', '7253', '2019-01-28 19:30:12', NULL, NULL, '410422107000', '474');
INSERT INTO `xx_jbxx` VALUES ('abf048ed403047899a04a3f9d5876a81', '2141010682', '叶县龚店乡坡宋小学', NULL, '叶县龚店乡坡宋村', NULL, '220', '410422000000', '河南省平顶山市叶县教育局', '410422000000', '河南省平顶山市叶县教育局', '211', '111', '张延伟', NULL, '7268256', NULL, NULL, NULL, NULL, NULL, NULL, NULL, NULL, NULL, NULL, NULL, NULL, NULL, NULL, NULL, NULL, NULL, NULL, NULL, 113, 33, NULL, NULL, NULL, NULL, NULL, NULL, NULL, NULL, NULL, NULL, NULL, NULL, '1', NULL, NULL, NULL, '7353', '20180627 17:22:35', '7353', '2019-01-28 19:30:12', NULL, NULL, '410422205000', '844');
INSERT INTO `xx_jbxx` VALUES ('abfc4d2081f6486fad88ec49342d8dd7', '2141005885', '叶县叶邑镇高庄小学', NULL, '叶县叶邑镇高庄村', NULL, '220', '410422000000', '河南省平顶山市叶县教育局', '410422000000', '河南省平顶山市叶县教育局', '218', '111', '娄金红', NULL, '7275959', NULL, NULL, NULL, NULL, NULL, NULL, NULL, NULL, NULL, NULL, NULL, NULL, NULL, NULL, NULL, NULL, NULL, NULL, NULL, 113, 33, NULL, NULL, NULL, NULL, NULL, NULL, NULL, NULL, NULL, NULL, NULL, NULL, '1', NULL, NULL, NULL, '7254', '20180627 14:33:19', '7254', '2019-01-28 19:30:12', NULL, NULL, '410422105000', '624');
INSERT INTO `xx_jbxx` VALUES ('ae1c4ec037df459399c0e6c81a498e29', '2141011901', '叶县城关乡余庄小学', NULL, '叶县盐都街道办事处余庄村', NULL, '112', '410422000000', '河南省平顶山市叶县教育局', '410422000000', '河南省平顶山市叶县教育局', '218', '111', '徐巧霞', NULL, '13613756607', NULL, NULL, NULL, NULL, NULL, NULL, NULL, NULL, NULL, NULL, NULL, NULL, NULL, NULL, NULL, NULL, NULL, NULL, NULL, 113, 33, NULL, NULL, NULL, NULL, NULL, NULL, NULL, NULL, NULL, NULL, NULL, NULL, '1', NULL, NULL, NULL, '7353', '20180627 17:15:49', '7353', '2019-01-28 19:30:12', NULL, NULL, '410422003000', '838');
INSERT INTO `xx_jbxx` VALUES ('ae857891317a431f8206bfcc9504552f', '2141012436', '叶县洪庄杨乡湛河董教学点', NULL, '洪庄杨乡湛河董村', NULL, '220', '410422000000', '河南省平顶山市叶县教育局', '410422000000', '河南省平顶山市叶县教育局', '218', '111', '高付丽', NULL, '13782483945', NULL, NULL, NULL, NULL, NULL, NULL, NULL, NULL, NULL, NULL, NULL, NULL, NULL, NULL, NULL, NULL, NULL, NULL, NULL, 113, 33, NULL, NULL, NULL, NULL, NULL, NULL, NULL, NULL, NULL, NULL, NULL, NULL, '1', NULL, NULL, NULL, '7353', '20180627 17:13:18', '7353', '2019-01-28 19:30:12', NULL, NULL, '410422109000', '741');
INSERT INTO `xx_jbxx` VALUES ('aec000bdae254c94b316f19ff6121ac5', '2141011444', '叶县廉村镇后王小学', NULL, '叶县廉村镇后王村', NULL, '122', '410422000000', '河南省平顶山市叶县教育局', '410422000000', '河南省平顶山市叶县教育局', '211', '111', '郭巧红', NULL, '8052977', NULL, NULL, NULL, NULL, NULL, NULL, NULL, NULL, NULL, NULL, NULL, NULL, NULL, NULL, NULL, NULL, NULL, NULL, NULL, 113, 33, NULL, NULL, NULL, NULL, NULL, NULL, NULL, NULL, NULL, NULL, NULL, NULL, '1', NULL, NULL, NULL, '7353', '20180627 17:14:14', '7353', '2019-01-28 19:30:12', NULL, NULL, '410422106000', '770');
INSERT INTO `xx_jbxx` VALUES ('b14f8fcfa4b24aa6a5f93b6ab5fe24e2', '2141010143', '叶县辛店镇辛店小学杨庄寨教学点', NULL, '叶县辛店镇杨庄寨村', NULL, '220', '410422000000', '河南省平顶山市叶县教育局', '410422000000', '河南省平顶山市叶县教育局', '218', '111', '赵印亭', NULL, '8848658', NULL, NULL, NULL, NULL, NULL, NULL, NULL, NULL, NULL, NULL, NULL, NULL, NULL, NULL, NULL, NULL, NULL, NULL, NULL, 113, 33, NULL, NULL, NULL, NULL, NULL, NULL, NULL, NULL, NULL, NULL, NULL, NULL, '1', NULL, NULL, NULL, '7353', '20180627 17:15:32', '7353', '2019-01-28 19:30:12', NULL, NULL, '410422108000', '826');
INSERT INTO `xx_jbxx` VALUES ('b1ccbd5f2dc74ae3b7c979ac4d0da771', '2141003679', '叶县邓李乡童之梦学校', NULL, '叶县邓李乡许庄村', NULL, '220', '410422000000', '河南省平顶山市叶县教育局', '410422000000', '河南省平顶山市叶县教育局', '211', '111', '李素枝', NULL, '8625016', NULL, NULL, NULL, NULL, NULL, NULL, NULL, NULL, NULL, NULL, NULL, NULL, NULL, NULL, NULL, NULL, NULL, NULL, NULL, 113, 33, NULL, NULL, NULL, NULL, NULL, NULL, NULL, NULL, NULL, NULL, NULL, NULL, '1', NULL, NULL, NULL, '7254', '20180626 20:12:36', '7254', '2019-01-28 19:30:12', NULL, NULL, '410422210000', '356');
INSERT INTO `xx_jbxx` VALUES ('b3a2e778b1aa4196b2117ea7b7dc5605', '2141004375', '叶县昆阳镇第三小学', NULL, '昆阳镇明代一条街北段', NULL, '122', '410422000000', '河南省平顶山市叶县教育局', '410422000000', '河南省平顶山市叶县教育局', '211', '111', '孔秋丽', NULL, '7275377', NULL, NULL, NULL, NULL, NULL, NULL, NULL, NULL, NULL, NULL, NULL, NULL, NULL, NULL, NULL, NULL, NULL, NULL, NULL, 113, 33, NULL, NULL, NULL, NULL, NULL, NULL, NULL, NULL, NULL, NULL, NULL, NULL, '1', NULL, NULL, NULL, '7254', '20180626 20:18:22', '7254', '2019-01-28 19:30:11', NULL, NULL, '410422002000', '304');
INSERT INTO `xx_jbxx` VALUES ('b471b4d217a04684a60cd1bd06803d39', '2141005920', '叶县叶邑镇同心寨小学', NULL, '叶县叶邑镇同心寨村', NULL, '220', '410422000000', '河南省平顶山市叶县教育局', '410422000000', '河南省平顶山市叶县教育局', '211', '111', '姚胜兰', NULL, '7275959', NULL, NULL, NULL, NULL, NULL, NULL, NULL, NULL, NULL, NULL, NULL, NULL, NULL, NULL, NULL, NULL, NULL, NULL, NULL, 113, 33, NULL, NULL, NULL, NULL, NULL, NULL, NULL, NULL, NULL, NULL, NULL, NULL, '1', NULL, NULL, NULL, '7254', '20180627 14:44:02', '7254', '2019-01-28 19:30:12', NULL, NULL, '410422105000', '642');
INSERT INTO `xx_jbxx` VALUES ('b497bfd3cd484366a34f5164098ec34c', '2141022180', '叶县叶邑镇老鸦小学', NULL, '叶县叶邑镇老鸦村', NULL, '220', '410422000000', '河南省平顶山市叶县教育局', '410422000000', '河南省平顶山市叶县教育局', '211', '111', '王转', NULL, '7275959', NULL, NULL, NULL, NULL, NULL, NULL, NULL, NULL, NULL, NULL, NULL, NULL, NULL, NULL, NULL, NULL, NULL, NULL, NULL, 113, 33, NULL, NULL, NULL, NULL, NULL, NULL, NULL, NULL, NULL, NULL, NULL, NULL, '1', NULL, NULL, NULL, '7253', '20180627 16:10:39', '7253', '2019-01-28 19:30:12', NULL, NULL, '410422105000', '698');
INSERT INTO `xx_jbxx` VALUES ('b4e1b0333f3b4199ba62639b5e305bd5', '3141002588', '叶县辛店镇初级中学', NULL, '叶县辛店镇辛店村', NULL, '121', '410422000000', '河南省平顶山市叶县教育局', '410422000000', '河南省平顶山市叶县教育局', '311', '111', '崔永军', NULL, '8848589', NULL, NULL, NULL, NULL, NULL, NULL, NULL, NULL, NULL, NULL, NULL, NULL, NULL, NULL, NULL, NULL, NULL, NULL, NULL, 113, 33, NULL, NULL, NULL, NULL, NULL, NULL, NULL, NULL, NULL, NULL, NULL, NULL, '1', NULL, NULL, NULL, '7253', '20180626 20:36:41', '7253', '2019-01-28 19:30:12', NULL, NULL, '410422108000', '317');
INSERT INTO `xx_jbxx` VALUES ('b5b1cd1780b24d8a89733755b369c82b', '2141004604', '叶县龙泉全集小学', NULL, '叶县龙泉乡全集村', NULL, '220', '410422000000', '河南省平顶山市叶县教育局', '410422000000', '河南省平顶山市叶县教育局', '211', '111', '段晓明', NULL, '8538602', NULL, NULL, NULL, NULL, NULL, NULL, NULL, NULL, NULL, NULL, NULL, NULL, NULL, NULL, NULL, NULL, NULL, NULL, NULL, 113, 33, NULL, NULL, NULL, NULL, NULL, NULL, NULL, NULL, NULL, NULL, NULL, NULL, '1', NULL, NULL, NULL, '7254', '20180626 20:35:57', '7254', '2019-01-28 19:30:12', NULL, NULL, '410422207000', '315');
INSERT INTO `xx_jbxx` VALUES ('b5ce9be69d084de69b6819bc6c7b2c89', '2141009348', '叶县水寨乡小庄王小学', NULL, '叶县水寨乡小庄王村', NULL, '220', '410422000000', '河南省平顶山市叶县教育局', '410422000000', '河南省平顶山市叶县教育局', '218', '111', '霍松波', NULL, '8598121', NULL, NULL, NULL, NULL, NULL, NULL, NULL, NULL, NULL, NULL, NULL, NULL, NULL, NULL, NULL, NULL, NULL, NULL, NULL, 113, 33, NULL, NULL, NULL, NULL, NULL, NULL, NULL, NULL, NULL, NULL, NULL, NULL, '1', NULL, NULL, NULL, '7254', '20180627 10:32:39', '7254', '2019-01-28 19:30:12', NULL, NULL, '410422208000', '447');
INSERT INTO `xx_jbxx` VALUES ('b5e7a329e9c948558832a27cc4db0fdc', '2141008367', '叶县保安镇柳庄村小学', NULL, '叶县保安镇柳庄村', NULL, '220', '410422000000', '河南省平顶山市叶县教育局', '410422000000', '河南省平顶山市叶县教育局', '211', '111', '段庆德', NULL, '8829818', NULL, NULL, NULL, NULL, NULL, NULL, NULL, NULL, NULL, NULL, NULL, NULL, NULL, NULL, NULL, NULL, NULL, NULL, NULL, 113, 33, NULL, NULL, NULL, NULL, NULL, NULL, NULL, NULL, NULL, NULL, NULL, NULL, '1', NULL, NULL, NULL, '7254', '20180627 09:41:07', '7254', '2019-01-28 19:30:12', NULL, NULL, '410422102000', '402');
INSERT INTO `xx_jbxx` VALUES ('b613e8436f8b467ab3bc77371aca17ad', '2141011293', '叶县廉村镇王店小学', NULL, '河南省平顶山市叶县廉村镇王店村', NULL, '220', '410422000000', '河南省平顶山市叶县教育局', '410422000000', '河南省平顶山市叶县教育局', '211', '111', '张江涛', NULL, '8550820', NULL, NULL, NULL, NULL, NULL, NULL, NULL, NULL, NULL, NULL, NULL, NULL, NULL, NULL, NULL, NULL, NULL, NULL, NULL, 113, 33, NULL, NULL, NULL, NULL, NULL, NULL, NULL, NULL, NULL, NULL, NULL, NULL, '1', NULL, NULL, NULL, '7353', '20180627 17:14:11', '7353', '2019-01-28 19:30:12', NULL, NULL, '410422106000', '759');
INSERT INTO `xx_jbxx` VALUES ('b687e33ef4684477bb7ec53e9449be87', '2141012992', '叶县仙台镇韩庄寺学校', NULL, '叶县仙台镇韩庄寺村', NULL, '220', '410422000000', '河南省平顶山市叶县教育局', '410422000000', '河南省平顶山市叶县教育局', '218', '111', '王国山', NULL, '8507003', NULL, NULL, NULL, NULL, NULL, NULL, NULL, NULL, NULL, NULL, NULL, NULL, NULL, NULL, NULL, NULL, NULL, NULL, NULL, 113, 33, NULL, NULL, NULL, NULL, NULL, NULL, NULL, NULL, NULL, NULL, NULL, NULL, '1', NULL, NULL, NULL, '7353', '20180627 17:15:09', '7353', '2019-01-28 19:30:12', NULL, NULL, '410422103000', '815');
INSERT INTO `xx_jbxx` VALUES ('b77b999adb674557ba46700dd0365f34', '2141012986', '叶县仙台镇西董庄学校', NULL, '叶县仙台镇西董庄村', NULL, '220', '410422000000', '河南省平顶山市叶县教育局', '410422000000', '河南省平顶山市叶县教育局', '211', '111', '王要州', NULL, '8507003', NULL, NULL, NULL, NULL, NULL, NULL, NULL, NULL, NULL, NULL, NULL, NULL, NULL, NULL, NULL, NULL, NULL, NULL, NULL, 113, 33, NULL, NULL, NULL, NULL, NULL, NULL, NULL, NULL, NULL, NULL, NULL, NULL, '1', NULL, NULL, NULL, '7353', '20180627 17:15:07', '7353', '2019-01-28 19:30:12', NULL, NULL, '410422103000', '809');
INSERT INTO `xx_jbxx` VALUES ('b8d417907fc441fba29acb243ba54d4c', '2141007091', '叶县夏李乡田庄小学', NULL, '河南省平顶山市叶县夏李乡田庄村', NULL, '220', '410422000000', '河南省平顶山市叶县教育局', '410422000000', '河南省平顶山市叶县教育局', '218', '111', '李改', NULL, '8754511', NULL, NULL, NULL, NULL, NULL, NULL, NULL, NULL, NULL, NULL, NULL, NULL, NULL, NULL, NULL, NULL, NULL, NULL, NULL, 113, 33, NULL, NULL, NULL, NULL, NULL, NULL, NULL, NULL, NULL, NULL, NULL, NULL, '1', NULL, NULL, NULL, '7254', '20180626 20:52:50', '7254', '2019-01-28 19:30:12', NULL, NULL, '410422201000', '339');
INSERT INTO `xx_jbxx` VALUES ('b9b336a508204c64aad17f57f22a001e', '2141007087', '叶县夏李乡下马小学', NULL, '河南省平顶山市叶县夏李乡下马村', NULL, '220', '410422000000', '河南省平顶山市叶县教育局', '410422000000', '河南省平顶山市叶县教育局', '218', '111', '李长坡', NULL, '8754511', NULL, NULL, NULL, NULL, NULL, NULL, NULL, NULL, NULL, NULL, NULL, NULL, NULL, NULL, NULL, NULL, NULL, NULL, NULL, 113, 33, NULL, NULL, NULL, NULL, NULL, NULL, NULL, NULL, NULL, NULL, NULL, NULL, '1', NULL, NULL, NULL, '7254', '20180626 20:51:53', '7254', '2019-01-28 19:30:12', NULL, NULL, '410422201000', '335');
INSERT INTO `xx_jbxx` VALUES ('b9d8418e87f248ccaf7e3495bc670d84', '2141012397', '叶县洪庄杨乡曹李小学', NULL, '洪庄杨乡曹李村', NULL, '220', '410422000000', '河南省平顶山市叶县教育局', '410422000000', '河南省平顶山市叶县教育局', '211', '111', '王献立', NULL, '13837540135', NULL, NULL, NULL, NULL, NULL, NULL, NULL, NULL, NULL, NULL, NULL, NULL, NULL, NULL, NULL, NULL, NULL, NULL, NULL, 113, 33, NULL, NULL, NULL, NULL, NULL, NULL, NULL, NULL, NULL, NULL, NULL, NULL, '1', NULL, NULL, NULL, '7353', '20180627 17:13:17', '7353', '2019-01-28 19:30:12', NULL, NULL, '410422109000', '738');
INSERT INTO `xx_jbxx` VALUES ('b9d84602aef842ca9c3c169ceaa8a28c', '2141007138', '叶县夏李乡岳楼小学', NULL, '河南省平顶山市叶县夏乡岳楼村', NULL, '220', '410422000000', '河南省平顶山市叶县教育局', '410422000000', '河南省平顶山市叶县教育局', '211', '111', '张明先', NULL, '8754511', NULL, NULL, NULL, NULL, NULL, NULL, NULL, NULL, NULL, NULL, NULL, NULL, NULL, NULL, NULL, NULL, NULL, NULL, NULL, 113, 33, NULL, NULL, NULL, NULL, NULL, NULL, NULL, NULL, NULL, NULL, NULL, NULL, '1', NULL, NULL, NULL, '7254', '20180626 20:59:06', '7254', '2019-01-28 19:30:12', NULL, NULL, '410422201000', '345');
INSERT INTO `xx_jbxx` VALUES ('ba2ed091ce454bb3851ad13a03ff6e71', '2141004591', '叶县龙泉大湾张小学', NULL, '叶县龙泉乡大湾张村', NULL, '220', '410422000000', '河南省平顶山市叶县教育局', '410422000000', '河南省平顶山市叶县教育局', '211', '111', '吕俊刚', NULL, '8538206', NULL, NULL, NULL, NULL, NULL, NULL, NULL, NULL, NULL, NULL, NULL, NULL, NULL, NULL, NULL, NULL, NULL, NULL, NULL, 113, 33, NULL, NULL, NULL, NULL, NULL, NULL, NULL, NULL, NULL, NULL, NULL, NULL, '1', NULL, NULL, NULL, '7254', '20180626 20:31:18', '7254', '2019-01-28 19:30:11', NULL, NULL, '410422207000', '307');
INSERT INTO `xx_jbxx` VALUES ('bacb5b4f3fce4086ba3ff34ac4f168c1', '2141012985', '叶县仙台镇大李庄学校', NULL, '叶县仙台镇大李庄村', NULL, '122', '410422000000', '河南省平顶山市叶县教育局', '410422000000', '河南省平顶山市叶县教育局', '211', '111', '王要召', NULL, '8507003', NULL, NULL, NULL, NULL, NULL, NULL, NULL, NULL, NULL, NULL, NULL, NULL, NULL, NULL, NULL, NULL, NULL, NULL, NULL, 113, 33, NULL, NULL, NULL, NULL, NULL, NULL, NULL, NULL, NULL, NULL, NULL, NULL, '1', NULL, NULL, NULL, '7353', '20180627 17:15:07', '7353', '2019-01-28 19:30:12', NULL, NULL, '410422103000', '808');
INSERT INTO `xx_jbxx` VALUES ('bb23bfdaccd14231be2fdefe09ed9892', '3441000338', '叶县融通实验高级中学', NULL, '叶县中心街西段', NULL, '122', '410422000000', '河南省平顶山市叶县教育局', '410422000000', '河南省平顶山市叶县教育局', '342', '111', '侯学义', NULL, '8051329', NULL, NULL, NULL, NULL, NULL, NULL, NULL, NULL, NULL, NULL, NULL, NULL, NULL, NULL, NULL, NULL, NULL, NULL, NULL, 113, 33, NULL, NULL, NULL, NULL, NULL, NULL, NULL, NULL, NULL, NULL, NULL, NULL, '1', NULL, NULL, NULL, '7253', '20180626 20:59:39', '7253', '2019-01-28 19:30:12', NULL, NULL, '410422001000', '346');
INSERT INTO `xx_jbxx` VALUES ('bb6a8698486c425cae189dde66718d8a', '2141021964', '叶县城关乡圪垱店小学', NULL, '城关乡圪垱店村', NULL, '220', '410422000000', '河南省平顶山市叶县教育局', '410422000000', '河南省平顶山市叶县教育局', '211', '111', '郭旭光', NULL, '8057082', NULL, NULL, NULL, NULL, NULL, NULL, NULL, NULL, NULL, NULL, NULL, NULL, NULL, NULL, NULL, NULL, NULL, NULL, NULL, 113, 33, NULL, NULL, NULL, NULL, NULL, NULL, NULL, NULL, NULL, NULL, NULL, NULL, '1', NULL, NULL, NULL, '7253', '20180627 16:50:10', '7253', '2019-01-28 19:30:12', NULL, NULL, '410422002000', '708');
INSERT INTO `xx_jbxx` VALUES ('bb6b3106cd8e4a1f970a40bbcba57bde', '2141012260', '叶县邓李乡庄头学校', NULL, '叶县邓李乡庄头村', NULL, '220', '410422000000', '河南省平顶山市叶县教育局', '410422000000', '河南省平顶山市叶县教育局', '211', '111', '马新鹏', NULL, '8625016', NULL, NULL, NULL, NULL, NULL, NULL, NULL, NULL, NULL, NULL, NULL, NULL, NULL, NULL, NULL, NULL, NULL, NULL, NULL, 113, 33, NULL, NULL, NULL, NULL, NULL, NULL, NULL, NULL, NULL, NULL, NULL, NULL, '1', NULL, NULL, NULL, '7353', '20180627 17:12:59', '7353', '2019-01-28 19:30:12', NULL, NULL, '410422210000', '726');
INSERT INTO `xx_jbxx` VALUES ('bb9f63f071d9406ebea82351c9bca9d7', '2141005783', '叶县叶邑镇兰庄小学', NULL, '叶县叶邑镇兰庄村', NULL, '220', '410422000000', '河南省平顶山市叶县教育局', '410422000000', '河南省平顶山市叶县教育局', '211', '111', '李雪亮', NULL, '7275959', NULL, NULL, NULL, NULL, NULL, NULL, NULL, NULL, NULL, NULL, NULL, NULL, NULL, NULL, NULL, NULL, NULL, NULL, NULL, 113, 33, NULL, NULL, NULL, NULL, NULL, NULL, NULL, NULL, NULL, NULL, NULL, NULL, '1', NULL, NULL, NULL, '7254', '20180627 14:30:39', '7254', '2019-01-28 19:30:12', NULL, NULL, '410422105000', '533');
INSERT INTO `xx_jbxx` VALUES ('bc2395b16f584384b3ee312d953d3853', '2141025925', '叶县龚店乡叶寨小学', NULL, '叶县龚店乡叶寨村', NULL, '220', '410422000000', '河南省平顶山市叶县教育局', '410422000000', '河南省平顶山市叶县教育局', '211', '111', '徐国伟', NULL, '8605008', NULL, NULL, NULL, NULL, NULL, NULL, NULL, NULL, NULL, NULL, NULL, NULL, NULL, NULL, NULL, NULL, NULL, NULL, NULL, 113, 33, NULL, NULL, NULL, NULL, NULL, NULL, NULL, NULL, NULL, NULL, NULL, NULL, '1', NULL, NULL, NULL, '7253', '20180627 14:46:28', '7253', '2019-01-28 19:30:12', NULL, NULL, '410422205000', '649');
INSERT INTO `xx_jbxx` VALUES ('bd8c2c5e101b4a9c922aa3b54641d22d', '2141018068', '叶县城关乡秦赵小学', NULL, '叶县城关乡秦赵村委会', NULL, '220', '410422000000', '河南省平顶山市叶县教育局', '410422000000', '河南省平顶山市叶县教育局', '211', '111', '王艳芳', NULL, '13837569180', NULL, NULL, NULL, NULL, NULL, NULL, NULL, NULL, NULL, NULL, NULL, NULL, NULL, NULL, NULL, NULL, NULL, NULL, NULL, 113, 33, NULL, NULL, NULL, NULL, NULL, NULL, NULL, NULL, NULL, NULL, NULL, NULL, '1', NULL, NULL, NULL, '7253', '20180627 16:46:51', '7253', '2019-01-28 19:30:12', NULL, NULL, '410422001000', '705');
INSERT INTO `xx_jbxx` VALUES ('bdd8949b96d74d4ba60857670f0b2013', '2141015097', '叶县任店镇任四村小学', NULL, '叶县任店镇任四村', NULL, '122', '410422000000', '河南省平顶山市叶县教育局', '410422000000', '河南省平顶山市叶县教育局', '211', '111', '艾喜恩', NULL, '8682034', NULL, NULL, NULL, NULL, NULL, NULL, NULL, NULL, NULL, NULL, NULL, NULL, NULL, NULL, NULL, NULL, NULL, NULL, NULL, 113, 33, NULL, NULL, NULL, NULL, NULL, NULL, NULL, NULL, NULL, NULL, NULL, NULL, '1', NULL, NULL, NULL, '7353', '20180627 17:14:46', '7353', '2019-01-28 19:30:12', NULL, NULL, '410422101000', '788');
INSERT INTO `xx_jbxx` VALUES ('be0e4ab788b549c996aff778e578def6', '2141008489', '叶县保安镇李吴庄村小学', NULL, '叶县保安镇李吴庄村', NULL, '220', '410422000000', '河南省平顶山市叶县教育局', '410422000000', '河南省平顶山市叶县教育局', '218', '111', '李拴成', NULL, '8829818', NULL, NULL, NULL, NULL, NULL, NULL, NULL, NULL, NULL, NULL, NULL, NULL, NULL, NULL, NULL, NULL, NULL, NULL, NULL, 113, 33, NULL, NULL, NULL, NULL, NULL, NULL, NULL, NULL, NULL, NULL, NULL, NULL, '1', NULL, NULL, NULL, '7254', '20180627 09:45:47', '7254', '2019-01-28 19:30:12', NULL, NULL, '410422102000', '408');
INSERT INTO `xx_jbxx` VALUES ('be6ee9e3c86f40309e7f95e7eff9a281', '2141025994', '叶县龙泉乡明强学校', NULL, '叶县龙泉乡大湾张村', NULL, '220', '410422000000', '河南省平顶山市叶县教育局', '410422000000', '河南省平顶山市叶县教育局', '211', '111', '张东生', NULL, '8538206', NULL, NULL, NULL, NULL, NULL, NULL, NULL, NULL, NULL, NULL, NULL, NULL, NULL, NULL, NULL, NULL, NULL, NULL, NULL, 113, 33, NULL, NULL, NULL, NULL, NULL, NULL, NULL, NULL, NULL, NULL, NULL, NULL, '1', NULL, NULL, NULL, '7253', '20180627 15:10:25', '7253', '2019-01-28 19:30:12', NULL, NULL, '410422207000', '664');
INSERT INTO `xx_jbxx` VALUES ('be7504deceb3411c8a23dad6f1240f65', '2141011494', '叶县廉村镇肖马学校申王教学点', NULL, '河南省叶县廉村镇申王村', NULL, '220', '410422000000', '河南省平顶山市叶县教育局', '410422000000', '河南省平顶山市叶县教育局', '218', '111', '肖向军', NULL, '8556796', NULL, NULL, NULL, NULL, NULL, NULL, NULL, NULL, NULL, NULL, NULL, NULL, NULL, NULL, NULL, NULL, NULL, NULL, NULL, 113, 33, NULL, NULL, NULL, NULL, NULL, NULL, NULL, NULL, NULL, NULL, NULL, NULL, '1', NULL, NULL, NULL, '7353', '20180627 17:14:15', '7353', '2019-01-28 19:30:12', NULL, NULL, '410422106000', '774');
INSERT INTO `xx_jbxx` VALUES ('bee6fa606d7e450181ddf4e0317770f5', '2141022426', '叶县保安镇古城小学', NULL, '叶县保安镇古城村', NULL, '122', '410422000000', '河南省平顶山市叶县教育局', '410422000000', '河南省平顶山市叶县教育局', '218', '111', '贾俊兴', NULL, '8829818', NULL, NULL, NULL, NULL, NULL, NULL, NULL, NULL, NULL, NULL, NULL, NULL, NULL, NULL, NULL, NULL, NULL, NULL, NULL, 113, 33, NULL, NULL, NULL, NULL, NULL, NULL, NULL, NULL, NULL, NULL, NULL, NULL, '1', NULL, NULL, NULL, '7253', '20180627 10:33:17', '7253', '2019-01-28 19:30:12', NULL, NULL, '410422102000', '448');
INSERT INTO `xx_jbxx` VALUES ('bf166f7e4ee94959b0a179a5042aed1a', '2141012984', '叶县仙台镇大贾庄学校', NULL, '叶县仙台镇大贾庄村', NULL, '122', '410422000000', '河南省平顶山市叶县教育局', '410422000000', '河南省平顶山市叶县教育局', '211', '111', '孙岩亮', NULL, '8507003', NULL, NULL, NULL, NULL, NULL, NULL, NULL, NULL, NULL, NULL, NULL, NULL, NULL, NULL, NULL, NULL, NULL, NULL, NULL, 113, 33, NULL, NULL, NULL, NULL, NULL, NULL, NULL, NULL, NULL, NULL, NULL, NULL, '1', NULL, NULL, NULL, '7353', '20180627 17:15:07', '7353', '2019-01-28 19:30:12', NULL, NULL, '410422103000', '807');
INSERT INTO `xx_jbxx` VALUES ('c063839579624d0ea97a726f919327c4', '2141021811', '叶县田庄乡千兵营小学', NULL, '河南省平顶山市叶县田庄乡千兵营村委会  ', NULL, '220', '410422000000', '河南省平顶山市叶县教育局', '410422000000', '河南省平顶山市叶县教育局', '211', '111', '郑会彬', NULL, '13783242498', NULL, NULL, NULL, NULL, NULL, NULL, NULL, NULL, NULL, NULL, NULL, NULL, NULL, NULL, NULL, NULL, NULL, NULL, NULL, 113, 33, NULL, NULL, NULL, NULL, NULL, NULL, NULL, NULL, NULL, NULL, NULL, NULL, '1', NULL, NULL, NULL, '7253', '20180627 15:38:02', '7253', '2019-01-28 19:30:12', NULL, NULL, '410422204000', '680');
INSERT INTO `xx_jbxx` VALUES ('c28960441be149a4ab739012a110649c', '2141010594', '叶县马庄回族乡马庄回族中心小学', NULL, '叶县马庄乡马庄村', NULL, '121', '410422000000', '河南省平顶山市叶县教育局', '410422000000', '河南省平顶山市叶县教育局', '211', '111', '李艳辉', NULL, '8709355', NULL, NULL, NULL, NULL, NULL, NULL, NULL, NULL, NULL, NULL, NULL, NULL, NULL, NULL, NULL, NULL, NULL, NULL, NULL, 113, 33, NULL, NULL, NULL, NULL, NULL, NULL, NULL, NULL, NULL, NULL, NULL, NULL, '1', NULL, NULL, NULL, '7353', '20180627 17:14:30', '7353', '2019-01-28 19:30:12', NULL, NULL, '410422203000', '783');
INSERT INTO `xx_jbxx` VALUES ('c2ef588f48ed4bf1aef8292f4ac7cbaa', '3441000093', '叶县高级中学', NULL, '河南省叶县昆水新道5号院', NULL, '122', '410422000000', '河南省平顶山市叶县教育局', '410422000000', '河南省平顶山市叶县教育局', '341', '111', '王华召', NULL, '8086729', NULL, NULL, NULL, NULL, NULL, NULL, NULL, NULL, NULL, NULL, NULL, NULL, NULL, NULL, NULL, NULL, NULL, NULL, NULL, 113, 33, NULL, NULL, NULL, NULL, NULL, NULL, NULL, NULL, NULL, NULL, NULL, NULL, '1', NULL, NULL, NULL, '7253', '20180626 20:53:35', '7253', '2019-01-28 19:30:12', NULL, NULL, '410422002000', '381');
INSERT INTO `xx_jbxx` VALUES ('c3274e4347af4f709eaa2d6f7db5e88f', '3141002905', '叶县回民中学', NULL, '叶县马庄乡马庄村', NULL, '121', '410422000000', '河南省平顶山市叶县教育局', '410422000000', '河南省平顶山市叶县教育局', '311', '111', '李云生', NULL, '8709355', NULL, NULL, NULL, NULL, NULL, NULL, NULL, NULL, NULL, NULL, NULL, NULL, NULL, NULL, NULL, NULL, NULL, NULL, NULL, 113, 33, NULL, NULL, NULL, NULL, NULL, NULL, NULL, NULL, NULL, NULL, NULL, NULL, '1', NULL, NULL, NULL, '7253', '20180626 20:42:45', '7253', '2019-01-28 19:30:12', NULL, NULL, '410422203000', '329');
INSERT INTO `xx_jbxx` VALUES ('c3286bc2f8824ed6b5868c6f0b711ecd', '2141012376', '叶县洪庄杨乡洛岗小学', NULL, '洪庄杨乡洛岗村', NULL, '220', '410422000000', '河南省平顶山市叶县教育局', '410422000000', '河南省平顶山市叶县教育局', '211', '111', '张克党', NULL, '13592188014', NULL, NULL, NULL, NULL, NULL, NULL, NULL, NULL, NULL, NULL, NULL, NULL, NULL, NULL, NULL, NULL, NULL, NULL, NULL, 113, 33, NULL, NULL, NULL, NULL, NULL, NULL, NULL, NULL, NULL, NULL, NULL, NULL, '1', NULL, NULL, NULL, '7353', '20180627 17:13:16', '7353', '2019-01-28 19:30:12', NULL, NULL, '410422109000', '736');
INSERT INTO `xx_jbxx` VALUES ('c391f73b752640719da5fab051a4edfb', '2141017250', '叶县夏李乡葛庄小学', NULL, '河南省平顶山市叶县夏李乡葛庄村', NULL, '220', '410422000000', '河南省平顶山市叶县教育局', '410422000000', '河南省平顶山市叶县教育局', '211', '111', '王国强', NULL, '8754511', NULL, NULL, NULL, NULL, NULL, NULL, NULL, NULL, NULL, NULL, NULL, NULL, NULL, NULL, NULL, NULL, NULL, NULL, NULL, 113, 33, NULL, NULL, NULL, NULL, NULL, NULL, NULL, NULL, NULL, NULL, NULL, NULL, '1', NULL, NULL, NULL, '7253', '20180627 15:43:57', '7253', '2019-01-28 19:30:12', NULL, NULL, '410422201000', '687');
INSERT INTO `xx_jbxx` VALUES ('c4474f4e80464b6ab710cb90511e7be2', '3141002683', '叶县水寨乡初级中学', NULL, '叶县水寨乡水寨村东２００米路北', NULL, '210', '410422000000', '河南省平顶山市叶县教育局', '410422000000', '河南省平顶山市叶县教育局', '311', '111', '孙自云', NULL, '8593000', NULL, NULL, NULL, NULL, NULL, NULL, NULL, NULL, NULL, NULL, NULL, NULL, NULL, NULL, NULL, NULL, NULL, NULL, NULL, 113, 33, NULL, NULL, NULL, NULL, NULL, NULL, NULL, NULL, NULL, NULL, NULL, NULL, '1', NULL, NULL, NULL, '7253', '20180626 20:30:30', '7253', '2019-01-28 19:30:12', NULL, NULL, '410422208000', '368');
INSERT INTO `xx_jbxx` VALUES ('c46fd9ca27984cf0a2eeff592416fc4f', '2141015452', '叶县田庄乡后党村小学', NULL, '河南省平顶山市叶县田庄乡后党村委会  ', NULL, '220', '410422000000', '河南省平顶山市叶县教育局', '410422000000', '河南省平顶山市叶县教育局', '211', '111', '王春晓', NULL, '13837555405', NULL, NULL, NULL, NULL, NULL, NULL, NULL, NULL, NULL, NULL, NULL, NULL, NULL, NULL, NULL, NULL, NULL, NULL, NULL, 113, 33, NULL, NULL, NULL, NULL, NULL, NULL, NULL, NULL, NULL, NULL, NULL, NULL, '1', NULL, NULL, NULL, '7253', '20181016 16:59:58', '7253', '2019-01-28 19:30:12', NULL, NULL, '410422204000', '849');
INSERT INTO `xx_jbxx` VALUES ('c4e08fbc5ae44911bbd2d5cbc36a38b0', '2141012257', '叶县邓李乡湾李学校', NULL, '叶县邓李乡湾李村', NULL, '220', '410422000000', '河南省平顶山市叶县教育局', '410422000000', '河南省平顶山市叶县教育局', '211', '111', '石晓兵', NULL, '8625016', NULL, NULL, NULL, NULL, NULL, NULL, NULL, NULL, NULL, NULL, NULL, NULL, NULL, NULL, NULL, NULL, NULL, NULL, NULL, 113, 33, NULL, NULL, NULL, NULL, NULL, NULL, NULL, NULL, NULL, NULL, NULL, NULL, '1', NULL, NULL, NULL, '7353', '20180627 17:12:58', '7353', '2019-01-28 19:30:12', NULL, NULL, '410422210000', '725');
INSERT INTO `xx_jbxx` VALUES ('c537b1a147e64137b1abfe4838d066fd', '2141011398', '叶县廉村镇穆寨小学', NULL, '叶县廉村镇穆寨村', NULL, '220', '410422000000', '河南省平顶山市叶县教育局', '410422000000', '河南省平顶山市叶县教育局', '211', '111', '宋艳芳', NULL, '86534521', NULL, NULL, NULL, NULL, NULL, NULL, NULL, NULL, NULL, NULL, NULL, NULL, NULL, NULL, NULL, NULL, NULL, NULL, NULL, 113, 33, NULL, NULL, NULL, NULL, NULL, NULL, NULL, NULL, NULL, NULL, NULL, NULL, '1', NULL, NULL, NULL, '7353', '20180627 17:14:12', '7353', '2019-01-28 19:30:12', NULL, NULL, '410422106000', '763');
INSERT INTO `xx_jbxx` VALUES ('c5ba6e9fcf8248f5b1920249ab28aeda', '3141000358', '叶县明阳学校', NULL, '叶县城关乡叶舞路东段', NULL, '122', '410422000000', '河南省平顶山市叶县教育局', '410422000000', '河南省平顶山市叶县教育局', '312', '111', '赵鸿飞', NULL, '8086893', NULL, NULL, NULL, NULL, NULL, NULL, NULL, NULL, NULL, NULL, NULL, NULL, NULL, NULL, NULL, NULL, NULL, NULL, NULL, 113, 33, NULL, NULL, NULL, NULL, NULL, NULL, NULL, NULL, NULL, NULL, NULL, NULL, '1', NULL, NULL, NULL, '7253', '20180626 20:51:51', '7253', '2019-01-28 19:30:12', NULL, NULL, '410422001000', '334');
INSERT INTO `xx_jbxx` VALUES ('c61f585e9e8848509825ffb0b88055ce', '2141015154', '叶县任店镇刘营小学', NULL, '叶县任店镇刘营村', NULL, '220', '410422000000', '河南省平顶山市叶县教育局', '410422000000', '河南省平顶山市叶县教育局', '211', '111', '赵会锋', NULL, '8682034', NULL, NULL, NULL, NULL, NULL, NULL, NULL, NULL, NULL, NULL, NULL, NULL, NULL, NULL, NULL, NULL, NULL, NULL, NULL, 113, 33, NULL, NULL, NULL, NULL, NULL, NULL, NULL, NULL, NULL, NULL, NULL, NULL, '1', NULL, NULL, NULL, '7353', '20180627 17:14:48', '7353', '2019-01-28 19:30:12', NULL, NULL, '410422101000', '793');
INSERT INTO `xx_jbxx` VALUES ('c687678bb88547b49f4ee77a4d37fc9f', '2141012989', '叶县仙台镇庙王学校', NULL, '叶县仙台镇庙王村', NULL, '220', '410422000000', '河南省平顶山市叶县教育局', '410422000000', '河南省平顶山市叶县教育局', '218', '111', '辛跃丽', NULL, '8507003', NULL, NULL, NULL, NULL, NULL, NULL, NULL, NULL, NULL, NULL, NULL, NULL, NULL, NULL, NULL, NULL, NULL, NULL, NULL, 113, 33, NULL, NULL, NULL, NULL, NULL, NULL, NULL, NULL, NULL, NULL, NULL, NULL, '1', NULL, NULL, NULL, '7353', '20180627 17:15:08', '7353', '2019-01-28 19:30:12', NULL, NULL, '410422103000', '812');
INSERT INTO `xx_jbxx` VALUES ('c7ba0df6d0a741a89cbf06df98aaf010', '2141006664', '叶县寺西学校', NULL, '河南省平顶山市叶县任店镇寺西村', NULL, '122', '410422000000', '河南省平顶山市叶县教育局', '410422000000', '河南省平顶山市叶县教育局', '211', '111', '许修', NULL, '8683556', NULL, NULL, NULL, NULL, NULL, NULL, NULL, NULL, NULL, NULL, NULL, NULL, NULL, NULL, NULL, NULL, NULL, NULL, NULL, 113, 33, NULL, NULL, NULL, NULL, NULL, NULL, NULL, NULL, NULL, NULL, NULL, NULL, '1', NULL, NULL, NULL, '7254', '20180626 20:45:31', '7254', '2019-01-28 19:30:11', NULL, NULL, '410422101000', '373');
INSERT INTO `xx_jbxx` VALUES ('c839346d296b4bed9e2801952cceb5fa', '2141015499', '叶县田庄乡武楼小学', NULL, '河南省平顶山市叶县田庄乡武楼村委会', NULL, '220', '410422000000', '河南省平顶山市叶县教育局', '410422000000', '河南省平顶山市叶县教育局', '211', '111', '王万忠', NULL, '15137569974', NULL, NULL, NULL, NULL, NULL, NULL, NULL, NULL, NULL, NULL, NULL, NULL, NULL, NULL, NULL, NULL, NULL, NULL, NULL, 113, 33, NULL, NULL, NULL, NULL, NULL, NULL, NULL, NULL, NULL, NULL, NULL, NULL, '1', NULL, NULL, NULL, '7254', '20180627 10:57:28', '7254', '2019-01-28 19:30:12', NULL, NULL, '410422204000', '477');
INSERT INTO `xx_jbxx` VALUES ('c864879747c6434f89cbfb4babb465fc', '2141007110', '叶县夏李乡丁庄小学', NULL, '河南省平顶山市叶县夏李乡丁庄村', NULL, '220', '410422000000', '河南省平顶山市叶县教育局', '410422000000', '河南省平顶山市叶县教育局', '211', '111', '朱广福', NULL, '8754511', NULL, NULL, NULL, NULL, NULL, NULL, NULL, NULL, NULL, NULL, NULL, NULL, NULL, NULL, NULL, NULL, NULL, NULL, NULL, 113, 33, NULL, NULL, NULL, NULL, NULL, NULL, NULL, NULL, NULL, NULL, NULL, NULL, '1', NULL, NULL, NULL, '7254', '20180626 20:54:54', '7254', '2019-01-28 19:30:12', NULL, NULL, '410422201000', '386');
INSERT INTO `xx_jbxx` VALUES ('c9740644e3094556a8847bb01caa7f7a', '2141010587', '叶县马庄回族乡雷庄学校', NULL, '叶县马庄乡雷庄村', NULL, '112', '410422000000', '河南省平顶山市叶县教育局', '410422000000', '河南省平顶山市叶县教育局', '211', '111', '李新现', NULL, '8709355', NULL, NULL, NULL, NULL, NULL, NULL, NULL, NULL, NULL, NULL, NULL, NULL, NULL, NULL, NULL, NULL, NULL, NULL, NULL, 113, 33, NULL, NULL, NULL, NULL, NULL, NULL, NULL, NULL, NULL, NULL, NULL, NULL, '1', NULL, NULL, NULL, '7353', '20180627 17:14:30', '7353', '2019-01-28 19:30:12', NULL, NULL, '410422203000', '782');
INSERT INTO `xx_jbxx` VALUES ('c98443de6c8e498393b4e20a07d4916a', '3141000361', '叶县城关乡初级中学', NULL, '叶县夏李乡小河郭村', NULL, '112', '410422000000', '河南省平顶山市叶县教育局', '410422000000', '河南省平顶山市叶县教育局', '311', '111', '孙召', NULL, '15993595730', NULL, NULL, NULL, NULL, NULL, NULL, NULL, NULL, NULL, NULL, NULL, NULL, NULL, NULL, NULL, NULL, NULL, NULL, NULL, 113, 33, NULL, NULL, NULL, NULL, NULL, NULL, NULL, NULL, NULL, NULL, NULL, NULL, '1', NULL, NULL, NULL, '7253', '20180626 20:04:25', '7253', '2019-01-28 19:30:12', NULL, NULL, '410422003000', '358');
INSERT INTO `xx_jbxx` VALUES ('cbdf3dea62ef460b8461137946ed25e5', '2141036964', '叶县龚店乡节庄小学', NULL, '叶县龚店乡节庄村', NULL, '220', '410422000000', '河南省平顶山市叶县教育局', '410422000000', '河南省平顶山市叶县教育局', '211', '111', '张顺营', NULL, '7268256', NULL, NULL, NULL, NULL, NULL, NULL, NULL, NULL, NULL, NULL, NULL, NULL, NULL, NULL, NULL, NULL, NULL, NULL, NULL, 113, 33, NULL, NULL, NULL, NULL, NULL, NULL, NULL, NULL, NULL, NULL, NULL, NULL, '1', NULL, NULL, NULL, '7253', '20180627 14:33:26', '7253', '2019-01-28 19:30:12', NULL, NULL, '410422205000', '625');
INSERT INTO `xx_jbxx` VALUES ('cc7109f788f845c986c622477b2b0a23', '2141017932', '叶县城关乡大北小学', NULL, '叶县九龙街道大北村', NULL, '220', '410422000000', '河南省平顶山市叶县教育局', '410422000000', '河南省平顶山市叶县教育局', '211', '111', '娄元喜', NULL, '8628511', NULL, NULL, NULL, NULL, NULL, NULL, NULL, NULL, NULL, NULL, NULL, NULL, NULL, NULL, NULL, NULL, NULL, NULL, NULL, 113, 33, NULL, NULL, NULL, NULL, NULL, NULL, NULL, NULL, NULL, NULL, NULL, NULL, '1', NULL, NULL, NULL, '7253', '20180627 16:43:19', '7253', '2019-01-28 19:30:11', NULL, NULL, '410422001000', '703');
INSERT INTO `xx_jbxx` VALUES ('cd3f491f0a714cdcbe2292cad09a3485', '2141012296', '叶县邓李乡璋环寺学校', NULL, '叶县邓李乡璋环寺村', NULL, '220', '410422000000', '河南省平顶山市叶县教育局', '410422000000', '河南省平顶山市叶县教育局', '211', '111', '王庆祥', NULL, '8625016', NULL, NULL, NULL, NULL, NULL, NULL, NULL, NULL, NULL, NULL, NULL, NULL, NULL, NULL, NULL, NULL, NULL, NULL, NULL, 113, 33, NULL, NULL, NULL, NULL, NULL, NULL, NULL, NULL, NULL, NULL, NULL, NULL, '1', NULL, NULL, NULL, '7353', '20180627 17:13:00', '7353', '2019-01-28 19:30:12', NULL, NULL, '410422210000', '732');
INSERT INTO `xx_jbxx` VALUES ('cd8b4602fe6e446087ce15e7c092da8b', '2141017043', '叶县聚英学校', NULL, '叶县任店镇樊庄村', NULL, '220', '410422000000', '河南省平顶山市叶县教育局', '410422000000', '河南省平顶山市叶县教育局', '211', '111', '樊海传', NULL, '7268098', NULL, NULL, NULL, NULL, NULL, NULL, NULL, NULL, NULL, NULL, NULL, NULL, NULL, NULL, NULL, NULL, NULL, NULL, NULL, 113, 33, NULL, NULL, NULL, NULL, NULL, NULL, NULL, NULL, NULL, NULL, NULL, NULL, '1', NULL, NULL, NULL, '7253', '20180627 14:57:43', '7253', '2019-01-28 19:30:12', NULL, NULL, '410422101000', '656');
INSERT INTO `xx_jbxx` VALUES ('ce968f23dfc44a10b105807849b26d43', '2141004595', '叶县龙泉草厂小学', NULL, '叶县龙泉乡草厂村', NULL, '220', '410422000000', '河南省平顶山市叶县教育局', '410422000000', '河南省平顶山市叶县教育局', '211', '111', '张喜民', NULL, '8538206', NULL, NULL, NULL, NULL, NULL, NULL, NULL, NULL, NULL, NULL, NULL, NULL, NULL, NULL, NULL, NULL, NULL, NULL, NULL, 113, 33, NULL, NULL, NULL, NULL, NULL, NULL, NULL, NULL, NULL, NULL, NULL, NULL, '1', NULL, NULL, NULL, '7254', '20180626 20:32:41', '7254', '2019-01-28 19:30:11', NULL, NULL, '410422207000', '309');
INSERT INTO `xx_jbxx` VALUES ('d189d6179ffe48639098806bc92239dc', '2141015232', '叶县任店镇辉岭学校', NULL, '叶县任店镇辉西村', NULL, '220', '410422000000', '河南省平顶山市叶县教育局', '410422000000', '河南省平顶山市叶县教育局', '218', '111', '牛永青', NULL, '8682034', NULL, NULL, NULL, NULL, NULL, NULL, NULL, NULL, NULL, NULL, NULL, NULL, NULL, NULL, NULL, NULL, NULL, NULL, NULL, 113, 33, NULL, NULL, NULL, NULL, NULL, NULL, NULL, NULL, NULL, NULL, NULL, NULL, '1', NULL, NULL, NULL, '7353', '20180627 17:14:50', '7353', '2019-01-28 19:30:12', NULL, NULL, '410422101000', '800');
INSERT INTO `xx_jbxx` VALUES ('d250f908212148aba180039f667baa61', '2141022486', '叶县常村镇金沟学校毛庄教学点', NULL, '叶县常村镇毛庄村', NULL, '220', '410422000000', '河南省平顶山市叶县教育局', '410422000000', '河南省平顶山市叶县教育局', '218', '111', '朱广庭', NULL, '8790089', NULL, NULL, NULL, NULL, NULL, NULL, NULL, NULL, NULL, NULL, NULL, NULL, NULL, NULL, NULL, NULL, NULL, NULL, NULL, 113, 33, NULL, NULL, NULL, NULL, NULL, NULL, NULL, NULL, NULL, NULL, NULL, NULL, '1', NULL, NULL, NULL, '7253', '20180627 10:54:22', '7253', '2019-01-28 19:30:12', NULL, NULL, '410422107000', '472');
INSERT INTO `xx_jbxx` VALUES ('d3010bea064542b6a33442a39d3123a0', '2141012305', '叶县邓李乡许庄学校', NULL, '叶县邓李乡许庄村', NULL, '220', '410422000000', '河南省平顶山市叶县教育局', '410422000000', '河南省平顶山市叶县教育局', '211', '111', '许刚超', NULL, '8625016', NULL, NULL, NULL, NULL, NULL, NULL, NULL, NULL, NULL, NULL, NULL, NULL, NULL, NULL, NULL, NULL, NULL, NULL, NULL, 113, 33, NULL, NULL, NULL, NULL, NULL, NULL, NULL, NULL, NULL, NULL, NULL, NULL, '1', NULL, NULL, NULL, '7353', '20180627 17:13:00', '7353', '2019-01-28 19:30:12', NULL, NULL, '410422210000', '733');
INSERT INTO `xx_jbxx` VALUES ('d3b3ab87cf654fa6ae1524f8c1a1d628', '2141015503', '叶县田庄乡牛庄村小学', NULL, '河南省平顶山市叶县田庄乡牛庄村委会', NULL, '220', '410422000000', '河南省平顶山市叶县教育局', '410422000000', '河南省平顶山市叶县教育局', '211', '111', '孙坤旭', NULL, '15886716926', NULL, NULL, NULL, NULL, NULL, NULL, NULL, NULL, NULL, NULL, NULL, NULL, NULL, NULL, NULL, NULL, NULL, NULL, NULL, 113, 33, NULL, NULL, NULL, NULL, NULL, NULL, NULL, NULL, NULL, NULL, NULL, NULL, '1', NULL, NULL, NULL, '7254', '20180627 11:30:11', '7254', '2019-01-28 19:30:11', NULL, NULL, '410422204000', '479');
INSERT INTO `xx_jbxx` VALUES ('d4afd6dc19514519933fc0e53549841b', '2141010159', '叶县辛店镇田寨小学常楼教学点', NULL, '叶县辛店镇常楼村', NULL, '220', '410422000000', '河南省平顶山市叶县教育局', '410422000000', '河南省平顶山市叶县教育局', '218', '111', '仓士民', NULL, '8848658', NULL, NULL, NULL, NULL, NULL, NULL, NULL, NULL, NULL, NULL, NULL, NULL, NULL, NULL, NULL, NULL, NULL, NULL, NULL, 113, 33, NULL, NULL, NULL, NULL, NULL, NULL, NULL, NULL, NULL, NULL, NULL, NULL, '1', NULL, NULL, NULL, '7353', '20180627 17:15:32', '7353', '2019-01-28 19:30:12', NULL, NULL, '410422108000', '828');
INSERT INTO `xx_jbxx` VALUES ('d54ce7ec82b84840b7c5117320f03a7a', '2141009393', '叶县龙泉全集小学牛杜庄教学点', NULL, '叶县龙泉乡牛杜庄', NULL, '220', '410422000000', '河南省平顶山市叶县教育局', '410422000000', '河南省平顶山市叶县教育局', '218', '111', '段晓明', NULL, '8538206', NULL, NULL, NULL, NULL, NULL, NULL, NULL, NULL, NULL, NULL, NULL, NULL, NULL, NULL, NULL, NULL, NULL, NULL, NULL, 113, 33, NULL, NULL, NULL, NULL, NULL, NULL, NULL, NULL, NULL, NULL, NULL, NULL, '1', NULL, NULL, NULL, '7254', '20180627 10:35:13', '7254', '2019-01-28 19:30:12', NULL, NULL, '410422207000', '451');
INSERT INTO `xx_jbxx` VALUES ('d552ef9e502b4e2d82232bc2a4f10832', '2141009286', '叶县水寨乡太康学校', NULL, '叶县水寨乡太康村', NULL, '220', '410422000000', '河南省平顶山市叶县教育局', '410422000000', '河南省平顶山市叶县教育局', '211', '111', '王留增', NULL, '8598121', NULL, NULL, NULL, NULL, NULL, NULL, NULL, NULL, NULL, NULL, NULL, NULL, NULL, NULL, NULL, NULL, NULL, NULL, NULL, 113, 33, NULL, NULL, NULL, NULL, NULL, NULL, NULL, NULL, NULL, NULL, NULL, NULL, '1', NULL, NULL, NULL, '7254', '20180627 09:51:52', '7254', '2019-01-28 19:30:12', NULL, NULL, '410422208000', '417');
INSERT INTO `xx_jbxx` VALUES ('d5cfccee935f48bfba89ad65e7294296', '2141011284', '叶县廉村镇王博儒小学', NULL, '河南省平顶山市叶县廉村镇王博儒村', NULL, '220', '410422000000', '河南省平顶山市叶县教育局', '410422000000', '河南省平顶山市叶县教育局', '211', '111', '杜志勋', NULL, '8556188', NULL, NULL, NULL, NULL, NULL, NULL, NULL, NULL, NULL, NULL, NULL, NULL, NULL, NULL, NULL, NULL, NULL, NULL, NULL, 113, 33, NULL, NULL, NULL, NULL, NULL, NULL, NULL, NULL, NULL, NULL, NULL, NULL, '1', NULL, NULL, NULL, '7353', '20180627 17:14:10', '7353', '2019-01-28 19:30:12', NULL, NULL, '410422106000', '755');
INSERT INTO `xx_jbxx` VALUES ('d65cd8a79fe440beb2209604f3442370', '2141028745', '叶县辛店镇闯新小学', NULL, '叶县辛店镇杨庄村', NULL, '220', '410422000000', '河南省平顶山市叶县教育局', '410422000000', '河南省平顶山市叶县教育局', '211', '111', '马冰兵', NULL, '8848658', NULL, NULL, NULL, NULL, NULL, NULL, NULL, NULL, NULL, NULL, NULL, NULL, NULL, NULL, NULL, NULL, NULL, NULL, NULL, 113, 33, NULL, NULL, NULL, NULL, NULL, NULL, NULL, NULL, NULL, NULL, NULL, NULL, '1', NULL, NULL, NULL, '7253', '20180627 16:03:12', '7253', '2019-01-28 19:30:12', NULL, NULL, '410422108000', '694');
INSERT INTO `xx_jbxx` VALUES ('d690784ee80c40c08d18b928ab5f5038', '2141037628', '叶县卡尔双语艺术学校', NULL, '叶县北水闸北200米昆阳大道西侧', NULL, '122', '410422000000', '河南省平顶山市叶县教育局', '410422000000', '河南省平顶山市叶县教育局', '211', '111', '刘二红', NULL, '7316789', NULL, NULL, NULL, NULL, NULL, NULL, NULL, NULL, NULL, NULL, NULL, NULL, NULL, NULL, NULL, NULL, NULL, NULL, NULL, 113, 33, NULL, NULL, NULL, NULL, NULL, NULL, NULL, NULL, NULL, NULL, NULL, NULL, '1', NULL, NULL, NULL, '7253', '20180627 16:52:30', '7253', '2019-01-28 19:30:12', NULL, NULL, '410422001000', '710');
INSERT INTO `xx_jbxx` VALUES ('d6f77be6eb6c475b892fa565688f0dc8', '2141015953', '叶县常村镇红顶寺回族小学', NULL, '叶县常村镇黄湾村', NULL, '220', '410422000000', '河南省平顶山市叶县教育局', '410422000000', '河南省平顶山市叶县教育局', '211', '111', '张国欣', NULL, '8790089', NULL, NULL, NULL, NULL, NULL, NULL, NULL, NULL, NULL, NULL, NULL, NULL, NULL, NULL, NULL, NULL, NULL, NULL, NULL, 113, 33, NULL, NULL, NULL, NULL, NULL, NULL, NULL, NULL, NULL, NULL, NULL, NULL, '1', NULL, NULL, NULL, '7253', '20180627 09:48:54', '7253', '2019-01-28 19:30:12', NULL, NULL, '410422107000', '412');
INSERT INTO `xx_jbxx` VALUES ('d82b877185a34703915eb8d32a1d80c1', '2141018014', '叶县保安镇寨王小学', NULL, '叶县保安镇寨王村', NULL, '220', '410422000000', '河南省平顶山市叶县教育局', '410422000000', '河南省平顶山市叶县教育局', '218', '111', '常民英', NULL, '8829818', NULL, NULL, NULL, NULL, NULL, NULL, NULL, NULL, NULL, NULL, NULL, NULL, NULL, NULL, NULL, NULL, NULL, NULL, NULL, 113, 33, NULL, NULL, NULL, NULL, NULL, NULL, NULL, NULL, NULL, NULL, NULL, NULL, '1', NULL, NULL, NULL, '7253', '20180627 10:52:44', '7253', '2019-01-28 19:30:11', NULL, NULL, '410422102000', '469');
INSERT INTO `xx_jbxx` VALUES ('d8c41156b734479388e2a22048ca28b0', '2141013483', '叶县叶邑镇大王庄小学', NULL, '叶县叶邑镇大王庄村', NULL, '220', '410422000000', '河南省平顶山市叶县教育局', '410422000000', '河南省平顶山市叶县教育局', '218', '111', '李志伟', NULL, '7275959', NULL, NULL, NULL, NULL, NULL, NULL, NULL, NULL, NULL, NULL, NULL, NULL, NULL, NULL, NULL, NULL, NULL, NULL, NULL, 113, 33, NULL, NULL, NULL, NULL, NULL, NULL, NULL, NULL, NULL, NULL, NULL, NULL, '1', NULL, NULL, NULL, '7353', '20180627 17:18:17', '7353', '2019-01-28 19:30:12', NULL, NULL, '410422105000', '840');
INSERT INTO `xx_jbxx` VALUES ('db5ca9ce86914a998287e26a6c483eb1', '2141010090', '叶县辛店镇东房庄小学', NULL, '叶县辛店镇东房庄村', NULL, '220', '410422000000', '河南省平顶山市叶县教育局', '410422000000', '河南省平顶山市叶县教育局', '218', '111', '娄春海', NULL, '8848658', NULL, NULL, NULL, NULL, NULL, NULL, NULL, NULL, NULL, NULL, NULL, NULL, NULL, NULL, NULL, NULL, NULL, NULL, NULL, 113, 33, NULL, NULL, NULL, NULL, NULL, NULL, NULL, NULL, NULL, NULL, NULL, NULL, '1', NULL, NULL, NULL, '7254', '20180627 10:47:14', '7254', '2019-01-28 19:30:12', NULL, NULL, '410422108000', '462');
INSERT INTO `xx_jbxx` VALUES ('dc4530b88cc7492cad77b8c0a98f15de', '2141011289', '叶县廉村镇廉村小学', NULL, '河南省叶县廉村镇廉村村', NULL, '122', '410422000000', '河南省平顶山市叶县教育局', '410422000000', '河南省平顶山市叶县教育局', '211', '111', '王江涛', NULL, '15238277127', NULL, NULL, NULL, NULL, NULL, NULL, NULL, NULL, NULL, NULL, NULL, NULL, NULL, NULL, NULL, NULL, NULL, NULL, NULL, 113, 33, NULL, NULL, NULL, NULL, NULL, NULL, NULL, NULL, NULL, NULL, NULL, NULL, '1', NULL, NULL, NULL, '7353', '20180627 17:14:11', '7353', '2019-01-28 19:30:12', NULL, NULL, '410422106000', '757');
INSERT INTO `xx_jbxx` VALUES ('dc73747fe41a4af6a7967a25dd4c7b5f', '2141012997', '叶县仙台镇中心小学', NULL, '叶县仙台镇西南拐村', NULL, '121', '410422000000', '河南省平顶山市叶县教育局', '410422000000', '河南省平顶山市叶县教育局', '211', '111', '黄建民', NULL, '8507003', NULL, NULL, NULL, NULL, NULL, NULL, NULL, NULL, NULL, NULL, NULL, NULL, NULL, NULL, NULL, NULL, NULL, NULL, NULL, 113, 33, NULL, NULL, NULL, NULL, NULL, NULL, NULL, NULL, NULL, NULL, NULL, NULL, '1', NULL, NULL, NULL, '7353', '20180627 17:15:10', '7353', '2019-01-28 19:30:12', NULL, NULL, '410422103000', '819');
INSERT INTO `xx_jbxx` VALUES ('dcc6552132634b319d3031355af67424', '2141011450', '叶县廉村镇余庄小学', NULL, '河南省叶县廉村镇南余庄村', NULL, '220', '410422000000', '河南省平顶山市叶县教育局', '410422000000', '河南省平顶山市叶县教育局', '218', '111', '鲁晓敏', NULL, '8052399', NULL, NULL, NULL, NULL, NULL, NULL, NULL, NULL, NULL, NULL, NULL, NULL, NULL, NULL, NULL, NULL, NULL, NULL, NULL, 113, 33, NULL, NULL, NULL, NULL, NULL, NULL, NULL, NULL, NULL, NULL, NULL, NULL, '1', NULL, NULL, NULL, '7353', '20180627 17:14:14', '7353', '2019-01-28 19:30:12', NULL, NULL, '410422106000', '771');
INSERT INTO `xx_jbxx` VALUES ('dd396aa2642f48bfacf54e55dcd000c3', '2141004582', '叶县龙泉齐庄小学', NULL, '叶县龙泉乡齐庄村', NULL, '220', '410422000000', '河南省平顶山市叶县教育局', '410422000000', '河南省平顶山市叶县教育局', '211', '111', '高辉', NULL, '8538206', NULL, NULL, NULL, NULL, NULL, NULL, NULL, NULL, NULL, NULL, NULL, NULL, NULL, NULL, NULL, NULL, NULL, NULL, NULL, 113, 33, NULL, NULL, NULL, NULL, NULL, NULL, NULL, NULL, NULL, NULL, NULL, NULL, '1', NULL, NULL, NULL, '7254', '20180626 20:29:38', '7254', '2019-01-28 19:30:12', NULL, NULL, '410422207000', '366');
INSERT INTO `xx_jbxx` VALUES ('de6149d21ca142dca690733f08ec8f8b', '2141009306', '叶县水寨乡董刘学校', NULL, '叶县水寨乡董刘村', NULL, '220', '410422000000', '河南省平顶山市叶县教育局', '410422000000', '河南省平顶山市叶县教育局', '211', '111', '屈二民', NULL, '8598121', NULL, NULL, NULL, NULL, NULL, NULL, NULL, NULL, NULL, NULL, NULL, NULL, NULL, NULL, NULL, NULL, NULL, NULL, NULL, 113, 33, NULL, NULL, NULL, NULL, NULL, NULL, NULL, NULL, NULL, NULL, NULL, NULL, '1', NULL, NULL, NULL, '7254', '20180627 09:55:41', '7254', '2019-01-28 19:30:12', NULL, NULL, '410422208000', '424');
INSERT INTO `xx_jbxx` VALUES ('debb7afa1bc942a48e60f82cb1cf9199', '2141021704', '叶县龚店乡楼马小学', NULL, '叶县龚店乡楼马村', NULL, '220', '410422000000', '河南省平顶山市叶县教育局', '410422000000', '河南省平顶山市叶县教育局', '211', '111', '张湘河', NULL, '7268256', NULL, NULL, NULL, NULL, NULL, NULL, NULL, NULL, NULL, NULL, NULL, NULL, NULL, NULL, NULL, NULL, NULL, NULL, NULL, 113, 33, NULL, NULL, NULL, NULL, NULL, NULL, NULL, NULL, NULL, NULL, NULL, NULL, '1', NULL, NULL, NULL, '7253', '20180627 14:34:24', '7253', '2019-01-28 19:30:12', NULL, NULL, '410422205000', '627');
INSERT INTO `xx_jbxx` VALUES ('dec95488ca94498bb6bc420ce112fc5f', '2141007065', '叶县夏李乡郭庄小学', NULL, '河南省平顶山叶县夏李乡郭庄村', NULL, '220', '410422000000', '河南省平顶山市叶县教育局', '410422000000', '河南省平顶山市叶县教育局', '211', '111', '李建功', NULL, '8754511', NULL, NULL, NULL, NULL, NULL, NULL, NULL, NULL, NULL, NULL, NULL, NULL, NULL, NULL, NULL, NULL, NULL, NULL, NULL, 113, 33, NULL, NULL, NULL, NULL, NULL, NULL, NULL, NULL, NULL, NULL, NULL, NULL, '1', NULL, NULL, NULL, '7254', '20180626 20:51:14', '7254', '2019-01-28 19:30:12', NULL, NULL, '410422201000', '332');
INSERT INTO `xx_jbxx` VALUES ('df400978b1f44827972f871635d7e996', '3141001839', '叶县龙泉乡一中', NULL, '叶县龙泉乡老街村', NULL, '210', '410422000000', '河南省平顶山市叶县教育局', '410422000000', '河南省平顶山市叶县教育局', '311', '111', '董超伟', NULL, '7675137', NULL, NULL, NULL, NULL, NULL, NULL, NULL, NULL, NULL, NULL, NULL, NULL, NULL, NULL, NULL, NULL, NULL, NULL, NULL, 113, 33, NULL, NULL, NULL, NULL, NULL, NULL, NULL, NULL, NULL, NULL, NULL, NULL, '1', NULL, NULL, NULL, '7253', '20180626 20:41:14', '7253', '2019-01-28 19:30:12', NULL, NULL, '410422207000', '326');
INSERT INTO `xx_jbxx` VALUES ('dfcfc119b72d4d2fafc09e4f96de369f', '2141010342', '叶县华锐学校', NULL, '叶县九龙街道办事处环城路', NULL, '121', '410422000000', '河南省平顶山市叶县教育局', '410422000000', '河南省平顶山市叶县教育局', '211', '111', '华玉兰', NULL, '2312333', NULL, NULL, NULL, NULL, NULL, NULL, NULL, NULL, NULL, NULL, NULL, NULL, NULL, NULL, NULL, NULL, NULL, NULL, NULL, 113, 33, NULL, NULL, NULL, NULL, NULL, NULL, NULL, NULL, NULL, NULL, NULL, NULL, '1', NULL, NULL, NULL, '7353', '20180627 17:13:52', '7353', '2019-01-28 19:30:12', NULL, NULL, '410422002000', '753');
INSERT INTO `xx_jbxx` VALUES ('e02188c0f6944428875cfd07a699fc32', '2141009320', '叶县水寨乡高庄学校', NULL, '叶县水寨乡高庄村', NULL, '220', '410422000000', '河南省平顶山市叶县教育局', '410422000000', '河南省平顶山市叶县教育局', '211', '111', '高媛媛', NULL, '8598121', NULL, NULL, NULL, NULL, NULL, NULL, NULL, NULL, NULL, NULL, NULL, NULL, NULL, NULL, NULL, NULL, NULL, NULL, NULL, 113, 33, NULL, NULL, NULL, NULL, NULL, NULL, NULL, NULL, NULL, NULL, NULL, NULL, '1', NULL, NULL, NULL, '7254', '20180627 10:23:50', '7254', '2019-01-28 19:30:12', NULL, NULL, '410422208000', '438');
INSERT INTO `xx_jbxx` VALUES ('e052ab3ca2b2474195995e36019278e0', '2141010164', '叶县辛店镇雷草洼教学点', NULL, '叶县辛店雷草洼村镇', NULL, '220', '410422000000', '河南省平顶山市叶县教育局', '410422000000', '河南省平顶山市叶县教育局', '218', '111', '晋长山', NULL, '8848658', NULL, NULL, NULL, NULL, NULL, NULL, NULL, NULL, NULL, NULL, NULL, NULL, NULL, NULL, NULL, NULL, NULL, NULL, NULL, 113, 33, NULL, NULL, NULL, NULL, NULL, NULL, NULL, NULL, NULL, NULL, NULL, NULL, '1', NULL, NULL, NULL, '7353', '20180627 17:15:32', '7353', '2019-01-28 19:30:12', NULL, NULL, '410422108000', '829');
INSERT INTO `xx_jbxx` VALUES ('e143cd618c494237ba93c5e3a0af4dbc', '2141009337', '叶县夏李乡葛庄小学泘沱教学点', NULL, '河南省平顶山叶县夏李乡泘沱村', NULL, '220', '410422000000', '河南省平顶山市叶县教育局', '410422000000', '河南省平顶山市叶县教育局', '218', '111', '王国强', NULL, '8754511', NULL, NULL, NULL, NULL, NULL, NULL, NULL, NULL, NULL, NULL, NULL, NULL, NULL, NULL, NULL, NULL, NULL, NULL, NULL, 113, 33, NULL, NULL, NULL, NULL, NULL, NULL, NULL, NULL, NULL, NULL, NULL, NULL, '1', NULL, NULL, NULL, '7254', '20180627 10:27:50', '7254', '2019-01-28 19:30:12', NULL, NULL, '410422201000', '443');
INSERT INTO `xx_jbxx` VALUES ('e2a3047e38264d73b4db509765b9f0de', '2141010549', '叶县马庄回族乡习楼学校', NULL, '叶县马庄乡习楼村', NULL, '112', '410422000000', '河南省平顶山市叶县教育局', '410422000000', '河南省平顶山市叶县教育局', '211', '111', '边欣明', NULL, '8709355', NULL, NULL, NULL, NULL, NULL, NULL, NULL, NULL, NULL, NULL, NULL, NULL, NULL, NULL, NULL, NULL, NULL, NULL, NULL, 113, 33, NULL, NULL, NULL, NULL, NULL, NULL, NULL, NULL, NULL, NULL, NULL, NULL, '1', NULL, NULL, NULL, '7353', '20180627 17:14:29', '7353', '2019-01-28 19:30:12', NULL, NULL, '410422203000', '779');
INSERT INTO `xx_jbxx` VALUES ('e5d3bb6e2f8145dfbab30a8a7ed1ec3f', '2141011829', '叶县城关乡胡村小学', NULL, '河南省平顶山市叶县城关乡胡村小学', NULL, '220', '410422000000', '河南省平顶山市叶县教育局', '410422000000', '河南省平顶山市叶县教育局', '211', '111', '赵晓东', NULL, '8076620', NULL, NULL, NULL, NULL, NULL, NULL, NULL, NULL, NULL, NULL, NULL, NULL, NULL, NULL, NULL, NULL, NULL, NULL, NULL, 113, 33, NULL, NULL, NULL, NULL, NULL, NULL, NULL, NULL, NULL, NULL, NULL, NULL, '1', NULL, NULL, NULL, '7353', '20180627 17:15:48', '7353', '2019-01-28 19:30:12', NULL, NULL, '410422003000', '834');
INSERT INTO `xx_jbxx` VALUES ('e5ed97df179c46279d182c2e87b38222', '2141016490', '叶县水寨乡杜庄小学', NULL, '叶县水寨乡杜庄村', NULL, '220', '410422000000', '河南省平顶山市叶县教育局', '410422000000', '河南省平顶山市叶县教育局', '218', '111', '宋玉民', NULL, '8598121', NULL, NULL, NULL, NULL, NULL, NULL, NULL, NULL, NULL, NULL, NULL, NULL, NULL, NULL, NULL, NULL, NULL, NULL, NULL, 113, 33, NULL, NULL, NULL, NULL, NULL, NULL, NULL, NULL, NULL, NULL, NULL, NULL, '1', NULL, NULL, NULL, '7253', '20180627 10:12:55', '7253', '2019-01-28 19:30:12', NULL, NULL, '410422208000', '432');
INSERT INTO `xx_jbxx` VALUES ('e67e43d18ae645a484ee6e67f412da7c', '2141012266', '叶县邓李乡构树王学校', NULL, '叶县邓李乡构树地', NULL, '220', '410422000000', '河南省平顶山市叶县教育局', '410422000000', '河南省平顶山市叶县教育局', '211', '111', '吕军辉', NULL, '8625016', NULL, NULL, NULL, NULL, NULL, NULL, NULL, NULL, NULL, NULL, NULL, NULL, NULL, NULL, NULL, NULL, NULL, NULL, NULL, 113, 33, NULL, NULL, NULL, NULL, NULL, NULL, NULL, NULL, NULL, NULL, NULL, NULL, '1', NULL, NULL, NULL, '7353', '20180627 17:12:59', '7353', '2019-01-28 19:30:12', NULL, NULL, '410422210000', '728');
INSERT INTO `xx_jbxx` VALUES ('e6a029c4224040798eade8fa945f73f1', '2141009326', '叶县水寨乡东盆王学校', NULL, '叶县水寨乡东盆王村', NULL, '220', '410422000000', '河南省平顶山市叶县教育局', '410422000000', '河南省平顶山市叶县教育局', '218', '111', '孙德要', NULL, '8598121', NULL, NULL, NULL, NULL, NULL, NULL, NULL, NULL, NULL, NULL, NULL, NULL, NULL, NULL, NULL, NULL, NULL, NULL, NULL, 113, 33, NULL, NULL, NULL, NULL, NULL, NULL, NULL, NULL, NULL, NULL, NULL, NULL, '1', NULL, NULL, NULL, '7254', '20180627 10:25:14', '7254', '2019-01-28 19:30:12', NULL, NULL, '410422208000', '440');
INSERT INTO `xx_jbxx` VALUES ('e8ba52c9cc9a4d15bb93518f90bb0437', '2141017799', '叶县城关乡问村小学', NULL, '城关乡问村小学', NULL, '220', '410422000000', '河南省平顶山市叶县教育局', '410422000000', '河南省平顶山市叶县教育局', '211', '111', '苏国献', NULL, '8057082', NULL, NULL, NULL, NULL, NULL, NULL, NULL, NULL, NULL, NULL, NULL, NULL, NULL, NULL, NULL, NULL, NULL, NULL, NULL, 113, 33, NULL, NULL, NULL, NULL, NULL, NULL, NULL, NULL, NULL, NULL, NULL, NULL, '1', NULL, NULL, NULL, '7253', '20180627 16:49:07', '7253', '2019-01-28 19:30:12', NULL, NULL, '410422003000', '707');
INSERT INTO `xx_jbxx` VALUES ('e916b4d79cda4c668b0dd5b2012bb9bf', '2141015333', '叶县任店镇尚武营小学', NULL, '叶县任店镇尚武营村', NULL, '220', '410422000000', '河南省平顶山市叶县教育局', '410422000000', '河南省平顶山市叶县教育局', '218', '111', '李亚楠', NULL, '18768955582', NULL, NULL, NULL, NULL, NULL, NULL, NULL, NULL, NULL, NULL, NULL, NULL, NULL, NULL, NULL, NULL, NULL, NULL, NULL, 113, 33, NULL, NULL, NULL, NULL, NULL, NULL, NULL, NULL, NULL, NULL, NULL, NULL, '1', NULL, NULL, NULL, '7253', '20181016 17:03:23', '7253', '2019-01-28 19:30:12', NULL, NULL, '410422101000', '852');
INSERT INTO `xx_jbxx` VALUES ('ea107a0baa994fcf807f8866c7c2585f', '2141011480', '叶县廉村镇穆寨小学赫杨教学点', NULL, '叶县廉村镇赫杨村', NULL, '220', '410422000000', '河南省平顶山市叶县教育局', '410422000000', '河南省平顶山市叶县教育局', '218', '111', '孙海燕', NULL, '8801234', NULL, NULL, NULL, NULL, NULL, NULL, NULL, NULL, NULL, NULL, NULL, NULL, NULL, NULL, NULL, NULL, NULL, NULL, NULL, 113, 33, NULL, NULL, NULL, NULL, NULL, NULL, NULL, NULL, NULL, NULL, NULL, NULL, '1', NULL, NULL, NULL, '7353', '20180627 17:14:15', '7353', '2019-01-28 19:30:12', NULL, NULL, '410422106000', '773');
INSERT INTO `xx_jbxx` VALUES ('ebf367ce27794043a1f113b698a50180', '2141011429', '叶县廉村镇二郎庙小学', NULL, '叶县廉村镇二郎庙村', NULL, '220', '410422000000', '河南省平顶山市叶县教育局', '410422000000', '河南省平顶山市叶县教育局', '211', '111', '王军辉', NULL, '8550406', NULL, NULL, NULL, NULL, NULL, NULL, NULL, NULL, NULL, NULL, NULL, NULL, NULL, NULL, NULL, NULL, NULL, NULL, NULL, 113, 33, NULL, NULL, NULL, NULL, NULL, NULL, NULL, NULL, NULL, NULL, NULL, NULL, '1', NULL, NULL, NULL, '7353', '20180627 17:14:14', '7353', '2019-01-28 19:30:12', NULL, NULL, '410422106000', '768');
INSERT INTO `xx_jbxx` VALUES ('ec1918b8a8924969a4e73fd0378dff52', '2141011413', '叶县廉村镇肖马小学', NULL, '河南省叶县廉村镇肖马村', NULL, '220', '410422000000', '河南省平顶山市叶县教育局', '410422000000', '河南省平顶山市叶县教育局', '211', '111', '肖向军', NULL, '8556796', NULL, NULL, NULL, NULL, NULL, NULL, NULL, NULL, NULL, NULL, NULL, NULL, NULL, NULL, NULL, NULL, NULL, NULL, NULL, 113, 33, NULL, NULL, NULL, NULL, NULL, NULL, NULL, NULL, NULL, NULL, NULL, NULL, '1', NULL, NULL, NULL, '7353', '20180627 17:14:13', '7353', '2019-01-28 19:30:12', NULL, NULL, '410422106000', '766');
INSERT INTO `xx_jbxx` VALUES ('ec5cd9d38c944f789af1a38771df1683', '2141015516', '叶县田庄乡海英小学', NULL, '河南省平顶山市叶县田庄乡邵奉街村委会', NULL, '122', '410422000000', '河南省平顶山市叶县教育局', '410422000000', '河南省平顶山市叶县教育局', '211', '111', '娄海英', NULL, '8087208', NULL, NULL, NULL, NULL, NULL, NULL, NULL, NULL, NULL, NULL, NULL, NULL, NULL, NULL, NULL, NULL, NULL, NULL, NULL, 113, 33, NULL, NULL, NULL, NULL, NULL, NULL, NULL, NULL, NULL, NULL, NULL, NULL, '1', NULL, NULL, NULL, '7254', '20180627 13:59:48', '7254', '2019-01-28 19:30:12', NULL, NULL, '410422204000', '483');
INSERT INTO `xx_jbxx` VALUES ('ec8e97de461941bf90769f2a321b914f', '2141020914', '叶县龚店乡支刘小学', NULL, '叶县龚店乡支刘村', NULL, '220', '410422000000', '河南省平顶山市叶县教育局', '410422000000', '河南省平顶山市叶县教育局', '211', '111', '蒋文轩', NULL, '7268256', NULL, NULL, NULL, NULL, NULL, NULL, NULL, NULL, NULL, NULL, NULL, NULL, NULL, NULL, NULL, NULL, NULL, NULL, NULL, 113, 33, NULL, NULL, NULL, NULL, NULL, NULL, NULL, NULL, NULL, NULL, NULL, NULL, '1', NULL, NULL, NULL, '7253', '20180627 14:49:27', '7253', '2019-01-28 19:30:12', NULL, NULL, '410422205000', '651');
INSERT INTO `xx_jbxx` VALUES ('ed4e762217f6402ea2a1491c5293b605', '2141003502', '叶县田庄乡三官庙村小学', NULL, '叶县田庄乡三官庙村委会', NULL, '220', '410422000000', '河南省平顶山市叶县教育局', '410422000000', '河南省平顶山市叶县教育局', '218', '111', '张廷宇', NULL, '13523279621', NULL, NULL, NULL, NULL, NULL, NULL, NULL, NULL, NULL, NULL, NULL, NULL, NULL, NULL, NULL, NULL, NULL, NULL, NULL, 113, 33, NULL, NULL, NULL, NULL, NULL, NULL, NULL, NULL, NULL, NULL, NULL, NULL, '1', NULL, NULL, NULL, '7254', '20180627 15:37:44', '7253', '2019-01-28 19:30:12', NULL, NULL, '410422204000', '679');
INSERT INTO `xx_jbxx` VALUES ('edacf63640d5440aa9e83d32b5112be2', '2141022588', '叶县城关乡孟北小学', NULL, '叶县城关乡孟北村', NULL, '220', '410422000000', '河南省平顶山市叶县教育局', '410422000000', '河南省平顶山市叶县教育局', '211', '111', '王振克', NULL, '8057082', NULL, NULL, NULL, NULL, NULL, NULL, NULL, NULL, NULL, NULL, NULL, NULL, NULL, NULL, NULL, NULL, NULL, NULL, NULL, 113, 33, NULL, NULL, NULL, NULL, NULL, NULL, NULL, NULL, NULL, NULL, NULL, NULL, '1', NULL, NULL, NULL, '7253', '20180627 16:45:26', '7253', '2019-01-28 19:30:12', NULL, NULL, '410422001000', '704');
INSERT INTO `xx_jbxx` VALUES ('ee01f494261648679603ed7a6ace88b9', '2141005882', '叶县叶邑镇邮亭小学', NULL, '叶县叶邑镇邮亭小学', NULL, '220', '410422000000', '河南省平顶山市叶县教育局', '410422000000', '河南省平顶山市叶县教育局', '211', '111', '王宇', NULL, '7275959', NULL, NULL, NULL, NULL, NULL, NULL, NULL, NULL, NULL, NULL, NULL, NULL, NULL, NULL, NULL, NULL, NULL, NULL, NULL, 113, 33, NULL, NULL, NULL, NULL, NULL, NULL, NULL, NULL, NULL, NULL, NULL, NULL, '1', NULL, NULL, NULL, '7254', '20180627 14:32:42', '7254', '2019-01-28 19:30:12', NULL, NULL, '410422105000', '614');
INSERT INTO `xx_jbxx` VALUES ('ee209e042794472cb004c89fe1dab794', '2141018172', '叶县龚店乡中心小学', NULL, '叶县龚店乡龚西村', NULL, '210', '410422000000', '河南省平顶山市叶县教育局', '410422000000', '河南省平顶山市叶县教育局', '211', '111', '杨进栓', NULL, '7268256', NULL, NULL, NULL, NULL, NULL, NULL, NULL, NULL, NULL, NULL, NULL, NULL, NULL, NULL, NULL, NULL, NULL, NULL, NULL, 113, 33, NULL, NULL, NULL, NULL, NULL, NULL, NULL, NULL, NULL, NULL, NULL, NULL, '1', NULL, NULL, NULL, '7253', '20180627 14:50:17', '7253', '2019-01-28 19:30:12', NULL, NULL, '410422205000', '652');
INSERT INTO `xx_jbxx` VALUES ('ef6d6f79182b402da7cf3fa8c052446d', '2141004619', '叶县龙泉实验学校', NULL, '叶县龙泉乡年张村', NULL, '220', '410422000000', '河南省平顶山市叶县教育局', '410422000000', '河南省平顶山市叶县教育局', '211', '111', '沙书勋', NULL, '8538206', NULL, NULL, NULL, NULL, NULL, NULL, NULL, NULL, NULL, NULL, NULL, NULL, NULL, NULL, NULL, NULL, NULL, NULL, NULL, 113, 33, NULL, NULL, NULL, NULL, NULL, NULL, NULL, NULL, NULL, NULL, NULL, NULL, '1', NULL, NULL, NULL, '7254', '20180626 20:41:06', '7254', '2019-01-28 19:30:12', NULL, NULL, '410422207000', '325');
INSERT INTO `xx_jbxx` VALUES ('ef89b26fbe884dd29d83c1e94e64f0bd', '2141004577', '叶县龙泉小河郭小学', NULL, '叶县龙泉乡小河郭村', NULL, '220', '410422000000', '河南省平顶山市叶县教育局', '410422000000', '河南省平顶山市叶县教育局', '211', '111', '李克', NULL, '8538206', NULL, NULL, NULL, NULL, NULL, NULL, NULL, NULL, NULL, NULL, NULL, NULL, NULL, NULL, NULL, NULL, NULL, NULL, NULL, 113, 33, NULL, NULL, NULL, NULL, NULL, NULL, NULL, NULL, NULL, NULL, NULL, NULL, '1', NULL, NULL, NULL, '7254', '20180626 20:28:32', '7254', '2019-01-28 19:30:12', NULL, NULL, '410422207000', '365');
INSERT INTO `xx_jbxx` VALUES ('f0231e74fdfb45dd95a244409dc3ec91', '2141022352', '叶县叶邑镇双庄小学', NULL, '叶县叶邑镇双庄村', NULL, '220', '410422000000', '河南省平顶山市叶县教育局', '410422000000', '河南省平顶山市叶县教育局', '211', '111', '王兆庆', NULL, '7275959', NULL, NULL, NULL, NULL, NULL, NULL, NULL, NULL, NULL, NULL, NULL, NULL, NULL, NULL, NULL, NULL, NULL, NULL, NULL, 113, 33, NULL, NULL, NULL, NULL, NULL, NULL, NULL, NULL, NULL, NULL, NULL, NULL, '1', NULL, NULL, NULL, '7253', '20180627 16:11:23', '7253', '2019-01-28 19:30:12', NULL, NULL, '410422105000', '699');
INSERT INTO `xx_jbxx` VALUES ('f025256fe99a455894b092d0e68c940d', '2141017103', '叶县保安镇花阳村小学', NULL, '叶县保安镇花阳村', NULL, '220', '410422000000', '河南省平顶山市叶县教育局', '410422000000', '河南省平顶山市叶县教育局', '218', '111', '张月星', NULL, '8829818', NULL, NULL, NULL, NULL, NULL, NULL, NULL, NULL, NULL, NULL, NULL, NULL, NULL, NULL, NULL, NULL, NULL, NULL, NULL, 113, 33, NULL, NULL, NULL, NULL, NULL, NULL, NULL, NULL, NULL, NULL, NULL, NULL, '1', NULL, NULL, NULL, '7253', '20180627 10:50:18', '7253', '2019-01-28 19:30:12', NULL, NULL, '410422102000', '464');
INSERT INTO `xx_jbxx` VALUES ('f0a93ab8206b46cb8348077f4888a32c', '2141012999', '叶县仙台镇盐店学校', NULL, '叶县仙台镇盐店村', NULL, '220', '410422000000', '河南省平顶山市叶县教育局', '410422000000', '河南省平顶山市叶县教育局', '211', '111', '吕若珩', NULL, '8507003', NULL, NULL, NULL, NULL, NULL, NULL, NULL, NULL, NULL, NULL, NULL, NULL, NULL, NULL, NULL, NULL, NULL, NULL, NULL, 113, 33, NULL, NULL, NULL, NULL, NULL, NULL, NULL, NULL, NULL, NULL, NULL, NULL, '1', NULL, NULL, NULL, '7353', '20180627 17:15:10', '7353', '2019-01-28 19:30:12', NULL, NULL, '410422103000', '820');
INSERT INTO `xx_jbxx` VALUES ('f11c69ca1ec34bd5b4a9273abb0bf5f4', '2141024039', '叶县仙台镇私立小学', NULL, '叶县仙台镇崔王村', NULL, '220', '410422000000', '河南省平顶山市叶县教育局', '410422000000', '河南省平顶山市叶县教育局', '211', '111', '程楼', NULL, '8507003', NULL, NULL, NULL, NULL, NULL, NULL, NULL, NULL, NULL, NULL, NULL, NULL, NULL, NULL, NULL, NULL, NULL, NULL, NULL, 113, 33, NULL, NULL, NULL, NULL, NULL, NULL, NULL, NULL, NULL, NULL, NULL, NULL, '1', NULL, NULL, NULL, '7253', '20180627 16:01:27', '7253', '2019-01-28 19:30:12', NULL, NULL, '410422103000', '693');
INSERT INTO `xx_jbxx` VALUES ('f130b40d211b4fb38a7721ae2c6e4ff0', '2141011583', '叶县廉村镇实验学校', NULL, '河南省叶县廉村镇 中心校', NULL, '122', '410422000000', '河南省平顶山市叶县教育局', '410422000000', '河南省平顶山市叶县教育局', '211', '111', '顾亚宾', NULL, '13783251873', NULL, NULL, NULL, NULL, NULL, NULL, NULL, NULL, NULL, NULL, NULL, NULL, NULL, NULL, NULL, NULL, NULL, NULL, NULL, 113, 33, NULL, NULL, NULL, NULL, NULL, NULL, NULL, NULL, NULL, NULL, NULL, NULL, '1', NULL, NULL, NULL, '7353', '20180627 17:14:16', '7353', '2019-01-28 19:30:12', NULL, NULL, '410422106000', '777');
INSERT INTO `xx_jbxx` VALUES ('f2e4cced6efe498097bc8947a47a40cb', '2141007094', '叶县夏李乡十二里小学', NULL, '河南省平顶山市叶县夏李乡十二里村', NULL, '220', '410422000000', '河南省平顶山市叶县教育局', '410422000000', '河南省平顶山市叶县教育局', '211', '111', '张兴坡', NULL, '8754511', NULL, NULL, NULL, NULL, NULL, NULL, NULL, NULL, NULL, NULL, NULL, NULL, NULL, NULL, NULL, NULL, NULL, NULL, NULL, 113, 33, NULL, NULL, NULL, NULL, NULL, NULL, NULL, NULL, NULL, NULL, NULL, NULL, '1', NULL, NULL, NULL, '7254', '20180626 20:53:47', '7254', '2019-01-28 19:30:12', NULL, NULL, '410422201000', '382');
INSERT INTO `xx_jbxx` VALUES ('f46f0d46c459445fad275f9d67408b67', '2141008192', '叶县邓李乡杜杨学校', NULL, '叶县邓李乡杜杨村', NULL, '220', '410422000000', '河南省平顶山市叶县教育局', '410422000000', '河南省平顶山市叶县教育局', '211', '111', '杨满红', NULL, '8625016', NULL, NULL, NULL, NULL, NULL, NULL, NULL, NULL, NULL, NULL, NULL, NULL, NULL, NULL, NULL, NULL, NULL, NULL, NULL, 113, 33, NULL, NULL, NULL, NULL, NULL, NULL, NULL, NULL, NULL, NULL, NULL, NULL, '1', NULL, NULL, NULL, '7254', '20180627 09:35:08', '7254', '2019-01-28 19:30:12', NULL, NULL, '410422210000', '395');
INSERT INTO `xx_jbxx` VALUES ('f4b901da480b461f8f8757cc4df40b70', '2141011908', '叶县城关乡典庄小学', NULL, '叶县城关乡典庄村', NULL, '220', '410422000000', '河南省平顶山市叶县教育局', '410422000000', '河南省平顶山市叶县教育局', '211', '111', '程建伟', NULL, '8057852', NULL, NULL, NULL, NULL, NULL, NULL, NULL, NULL, NULL, NULL, NULL, NULL, NULL, NULL, NULL, NULL, NULL, NULL, NULL, 113, 33, NULL, NULL, NULL, NULL, NULL, NULL, NULL, NULL, NULL, NULL, NULL, NULL, '1', NULL, NULL, NULL, '7353', '20180627 17:13:37', '7353', '2019-01-28 19:30:12', NULL, NULL, '410422001000', '751');
INSERT INTO `xx_jbxx` VALUES ('f4d1aabb05704a919dee963753f222f2', '2141015093', '叶县任店镇任三村小学', NULL, '河南省叶县任店镇任三村', NULL, '122', '410422000000', '河南省平顶山市叶县教育局', '410422000000', '河南省平顶山市叶县教育局', '211', '111', '赵腾飞', NULL, '8682034', NULL, NULL, NULL, NULL, NULL, NULL, NULL, NULL, NULL, NULL, NULL, NULL, NULL, NULL, NULL, NULL, NULL, NULL, NULL, 113, 33, NULL, NULL, NULL, NULL, NULL, NULL, NULL, NULL, NULL, NULL, NULL, NULL, '1', NULL, NULL, NULL, '7353', '20180627 17:14:46', '7353', '2019-01-28 19:30:12', NULL, NULL, '410422101000', '787');
INSERT INTO `xx_jbxx` VALUES ('f57e17c574b543d7aa8eea6f12ac815d', '2141017007', '叶县任店镇秋河小学', NULL, '叶县任店镇秋河村', NULL, '220', '410422000000', '河南省平顶山市叶县教育局', '410422000000', '河南省平顶山市叶县教育局', '211', '111', '张金典', NULL, '8682034', NULL, NULL, NULL, NULL, NULL, NULL, NULL, NULL, NULL, NULL, NULL, NULL, NULL, NULL, NULL, NULL, NULL, NULL, NULL, 113, 33, NULL, NULL, NULL, NULL, NULL, NULL, NULL, NULL, NULL, NULL, NULL, NULL, '1', NULL, NULL, NULL, '7253', '20180627 10:26:10', '7253', '2019-01-28 19:30:12', NULL, NULL, '410422101000', '442');
INSERT INTO `xx_jbxx` VALUES ('f5e8bd4c74e746f1bbdd574cb69d8940', '2141011836', '叶县城关乡徐庄小学', NULL, '叶县盐都街道徐庄村', NULL, '220', '410422000000', '河南省平顶山市叶县教育局', '410422000000', '河南省平顶山市叶县教育局', '218', '111', '赵红伟', NULL, '15237523099', NULL, NULL, NULL, NULL, NULL, NULL, NULL, NULL, NULL, NULL, NULL, NULL, NULL, NULL, NULL, NULL, NULL, NULL, NULL, 113, 33, NULL, NULL, NULL, NULL, NULL, NULL, NULL, NULL, NULL, NULL, NULL, NULL, '1', NULL, NULL, NULL, '7353', '20180627 17:15:49', '7353', '2019-01-28 19:30:12', NULL, NULL, '410422003000', '836');
INSERT INTO `xx_jbxx` VALUES ('f6a560a0517546fb9ee3b1b191e83dd3', '2141021764', '叶县爱心学校', NULL, '叶县新文化路东段', NULL, '121', '410422000000', '河南省平顶山市叶县教育局', '410422000000', '河南省平顶山市叶县教育局', '312', '111', '王云霞', NULL, '8813988', NULL, NULL, NULL, NULL, NULL, NULL, NULL, NULL, NULL, NULL, NULL, NULL, NULL, NULL, NULL, NULL, NULL, NULL, NULL, 113, 33, NULL, NULL, NULL, NULL, NULL, NULL, NULL, NULL, NULL, NULL, NULL, NULL, '1', NULL, NULL, NULL, '7253', '20180626 20:50:16', '7253', '2019-01-28 19:30:12', NULL, NULL, '410422002000', '331');
INSERT INTO `xx_jbxx` VALUES ('f6ad7ea22a38438e86fda1e77bf460a1', '2141021770', '叶县田庄乡柏树李小学', NULL, '河南省平顶山市叶县田庄乡柏树李村委会  ', NULL, '220', '410422000000', '河南省平顶山市叶县教育局', '410422000000', '河南省平顶山市叶县教育局', '218', '111', '辛慧娟', NULL, '13569570868', NULL, NULL, NULL, NULL, NULL, NULL, NULL, NULL, NULL, NULL, NULL, NULL, NULL, NULL, NULL, NULL, NULL, NULL, NULL, 113, 33, NULL, NULL, NULL, NULL, NULL, NULL, NULL, NULL, NULL, NULL, NULL, NULL, '1', NULL, NULL, NULL, '7253', '20180627 15:34:35', '7253', '2019-01-28 19:30:12', NULL, NULL, '410422204000', '674');
INSERT INTO `xx_jbxx` VALUES ('f71a88e4ff9f4404ab37a046acd43424', '123456789', 'testschool', NULL, '学校地址', NULL, '111', '410422000000', '河南省平顶山市叶县教育局', '410422000000', '河南省平顶山市叶县教育局', '311', '111', '老李', NULL, '15625845652', NULL, NULL, NULL, NULL, NULL, NULL, NULL, NULL, NULL, NULL, NULL, NULL, NULL, NULL, NULL, NULL, NULL, NULL, NULL, 0, 0, NULL, NULL, NULL, NULL, NULL, NULL, NULL, NULL, NULL, NULL, NULL, NULL, '1', NULL, NULL, NULL, '1', '20181228 16:22:04', '1', '2019-01-28 19:30:12', NULL, NULL, '410422103000', '854');
INSERT INTO `xx_jbxx` VALUES ('f746430b32d249d1a34bdf14889a620a', '2141025901', '叶县龚店乡十里铺小学', NULL, '叶县龚店乡十里铺村', NULL, '122', '410422000000', '河南省平顶山市叶县教育局', '410422000000', '河南省平顶山市叶县教育局', '211', '111', '郑红丽', NULL, '7268256', NULL, NULL, NULL, NULL, NULL, NULL, NULL, NULL, NULL, NULL, NULL, NULL, NULL, NULL, NULL, NULL, NULL, NULL, NULL, 113, 33, NULL, NULL, NULL, NULL, NULL, NULL, NULL, NULL, NULL, NULL, NULL, NULL, '1', NULL, NULL, NULL, '7253', '20180627 14:41:54', '7253', '2019-01-28 19:30:12', NULL, NULL, '410422205000', '636');
INSERT INTO `xx_jbxx` VALUES ('f8dff041622d4752be02762f3a7684f4', '2141022376', '叶县保安镇报沟村小学', NULL, '叶县保安镇报沟村', NULL, '220', '410422000000', '河南省平顶山市叶县教育局', '410422000000', '河南省平顶山市叶县教育局', '218', '111', '史益民', NULL, '8829818', NULL, NULL, NULL, NULL, NULL, NULL, NULL, NULL, NULL, NULL, NULL, NULL, NULL, NULL, NULL, NULL, NULL, NULL, NULL, 113, 33, NULL, NULL, NULL, NULL, NULL, NULL, NULL, NULL, NULL, NULL, NULL, NULL, '1', NULL, NULL, NULL, '7253', '20180627 10:30:32', '7253', '2019-01-28 19:30:12', NULL, NULL, '410422102000', '444');
INSERT INTO `xx_jbxx` VALUES ('f8e12b5875ec40c296d0a7bcb0ae8317', '2141025904', '叶县龚店乡余营小学', NULL, '叶县龚店乡余营村', NULL, '220', '410422000000', '河南省平顶山市叶县教育局', '410422000000', '河南省平顶山市叶县教育局', '211', '111', '杜焕娜', NULL, '7265256', NULL, NULL, NULL, NULL, NULL, NULL, NULL, NULL, NULL, NULL, NULL, NULL, NULL, NULL, NULL, NULL, NULL, NULL, NULL, 113, 33, NULL, NULL, NULL, NULL, NULL, NULL, NULL, NULL, NULL, NULL, NULL, NULL, '1', NULL, NULL, NULL, '7253', '20180627 14:48:39', '7253', '2019-01-28 19:30:12', NULL, NULL, '410422205000', '650');
INSERT INTO `xx_jbxx` VALUES ('fa39d0315a2e4e4eb128b60a0bdc07c1', '2141013002', '叶县仙台镇实验学校', NULL, '叶县仙台镇东南拐村', NULL, '122', '410422000000', '河南省平顶山市叶县教育局', '410422000000', '河南省平顶山市叶县教育局', '211', '111', '张丙欣', NULL, '8507003', NULL, NULL, NULL, NULL, NULL, NULL, NULL, NULL, NULL, NULL, NULL, NULL, NULL, NULL, NULL, NULL, NULL, NULL, NULL, 113, 33, NULL, NULL, NULL, NULL, NULL, NULL, NULL, NULL, NULL, NULL, NULL, NULL, '1', NULL, NULL, NULL, '7353', '20180627 17:15:11', '7353', '2019-01-28 19:30:12', NULL, NULL, '410422103000', '821');
INSERT INTO `xx_jbxx` VALUES ('fb70900e7b0a48f789b8ceec6e78c9fa', '2141018090', '叶县昆阳镇第二小学', NULL, '河南省平顶山市叶县昆阳街道健康路72号', NULL, '122', '410422000000', '河南省平顶山市叶县教育局', '410422000000', '河南省平顶山市叶县教育局', '211', '111', '耿凤君', NULL, '3315600', NULL, NULL, NULL, NULL, NULL, NULL, NULL, NULL, NULL, NULL, NULL, NULL, NULL, NULL, NULL, NULL, NULL, NULL, NULL, 113, 33, NULL, NULL, NULL, NULL, NULL, NULL, NULL, NULL, NULL, NULL, NULL, NULL, '1', NULL, NULL, NULL, '7253', '20180627 15:02:49', '7253', '2019-01-28 19:30:12', NULL, NULL, '410422002000', '657');
INSERT INTO `xx_jbxx` VALUES ('fb9a8366d9134a4fad7eb4fc8c0d2264', '2141009301', '叶县水寨乡桃奉学校', NULL, '叶县水寨乡桃奉村', NULL, '220', '410422000000', '河南省平顶山市叶县教育局', '410422000000', '河南省平顶山市叶县教育局', '211', '111', '李东甫', NULL, '8590600', NULL, NULL, NULL, NULL, NULL, NULL, NULL, NULL, NULL, NULL, NULL, NULL, NULL, NULL, NULL, NULL, NULL, NULL, NULL, 113, 33, NULL, NULL, NULL, NULL, NULL, NULL, NULL, NULL, NULL, NULL, NULL, NULL, '1', NULL, NULL, NULL, '7254', '20180627 09:53:50', '7254', '2019-01-28 19:30:12', NULL, NULL, '410422208000', '421');
INSERT INTO `xx_jbxx` VALUES ('fc71cc1f21714f8bb9abc67e3d974251', '2141009299', '叶县水寨乡水寨学校', NULL, '叶县水寨乡水寨村', NULL, '210', '410422000000', '河南省平顶山市叶县教育局', '410422000000', '河南省平顶山市叶县教育局', '211', '111', '胡聚良', NULL, '8598121', NULL, NULL, NULL, NULL, NULL, NULL, NULL, NULL, NULL, NULL, NULL, NULL, NULL, NULL, NULL, NULL, NULL, NULL, NULL, 113, 33, NULL, NULL, NULL, NULL, NULL, NULL, NULL, NULL, NULL, NULL, NULL, NULL, '1', NULL, NULL, NULL, '7254', '20180627 09:53:16', '7254', '2019-01-28 19:30:12', NULL, NULL, '410422208000', '420');
INSERT INTO `xx_jbxx` VALUES ('fd740a95fd7c402db5863414cb3addae', '2141009312', '叶县水寨乡军王学校', NULL, '叶县水寨乡军王村', NULL, '220', '410422000000', '河南省平顶山市叶县教育局', '410422000000', '河南省平顶山市叶县教育局', '211', '111', '宋浩', NULL, '8598121', NULL, NULL, NULL, NULL, NULL, NULL, NULL, NULL, NULL, NULL, NULL, NULL, NULL, NULL, NULL, NULL, NULL, NULL, NULL, 113, 33, NULL, NULL, NULL, NULL, NULL, NULL, NULL, NULL, NULL, NULL, NULL, NULL, '1', NULL, NULL, NULL, '7254', '20180627 10:19:21', '7254', '2019-01-28 19:30:12', NULL, NULL, '410422208000', '436');
INSERT INTO `xx_jbxx` VALUES ('fd7f60fca6c74d71838b520801df4b3a', '2141010107', '叶县辛店镇蒋庄小学', NULL, '叶县辛店镇蒋庄村', NULL, '220', '410422000000', '河南省平顶山市叶县教育局', '410422000000', '河南省平顶山市叶县教育局', '211', '111', '赵印亭', NULL, '8848658', NULL, NULL, NULL, NULL, NULL, NULL, NULL, NULL, NULL, NULL, NULL, NULL, NULL, NULL, NULL, NULL, NULL, NULL, NULL, 113, 33, NULL, NULL, NULL, NULL, NULL, NULL, NULL, NULL, NULL, NULL, NULL, NULL, '1', NULL, NULL, NULL, '7254', '20180627 10:52:51', '7254', '2019-01-28 19:30:11', NULL, NULL, '410422108000', '470');
INSERT INTO `xx_jbxx` VALUES ('fda93e05d5f741f69a0d66c3559025c2', '2141008431', '叶县保安镇牛安村小学', NULL, '叶县保安镇牛安村', NULL, '122', '410422000000', '河南省平顶山市叶县教育局', '410422000000', '河南省平顶山市叶县教育局', '218', '111', '王春耀', NULL, '8829818', NULL, NULL, NULL, NULL, NULL, NULL, NULL, NULL, NULL, NULL, NULL, NULL, NULL, NULL, NULL, NULL, NULL, NULL, NULL, 113, 33, NULL, NULL, NULL, NULL, NULL, NULL, NULL, NULL, NULL, NULL, NULL, NULL, '1', NULL, NULL, NULL, '7254', '20180627 09:42:31', '7254', '2019-01-28 19:30:12', NULL, NULL, '410422102000', '404');
INSERT INTO `xx_jbxx` VALUES ('fef022accfc8488ebd15d1b1c9a06190', '2141015182', '叶县任店镇史营小学', NULL, '叶县任店镇史营村', NULL, '220', '410422000000', '河南省平顶山市叶县教育局', '410422000000', '河南省平顶山市叶县教育局', '211', '111', '许秋芬', NULL, '8682034', NULL, NULL, NULL, NULL, NULL, NULL, NULL, NULL, NULL, NULL, NULL, NULL, NULL, NULL, NULL, NULL, NULL, NULL, NULL, 113, 33, NULL, NULL, NULL, NULL, NULL, NULL, NULL, NULL, NULL, NULL, NULL, NULL, '1', NULL, NULL, NULL, '7353', '20180627 17:14:49', '7353', '2019-01-28 19:30:12', NULL, NULL, '410422101000', '797');
INSERT INTO `xx_jbxx` VALUES ('ffc4d3d9eed14816aa4e17a5148dd41a', '2141012994', '叶县仙台镇老樊寨学校', NULL, '叶县仙台镇老樊寨村', NULL, '220', '410422000000', '河南省平顶山市叶县教育局', '410422000000', '河南省平顶山市叶县教育局', '211', '111', '孙涛', NULL, '8505037', NULL, NULL, NULL, NULL, NULL, NULL, NULL, NULL, NULL, NULL, NULL, NULL, NULL, NULL, NULL, NULL, NULL, NULL, NULL, 113, 33, NULL, NULL, NULL, NULL, NULL, NULL, NULL, NULL, NULL, NULL, NULL, NULL, '1', NULL, NULL, NULL, '7353', '20180627 17:15:10', '7353', '2019-01-28 19:30:12', NULL, NULL, '410422103000', '817');

SET FOREIGN_KEY_CHECKS = 1;
